
/* JUEGO DE DATOS GRUPO 3 */

--------------------------------------------------------------------------------
/******************************************************************************/
--------------------------------------------------------------------------------

/* PORCINOS FC */

-- DUEÑO --

INSERT INTO PERSONAS (DNI, NOMBRE, APELLIDO) 
VALUES ('11111111P','IBAI','LLANOS');

INSERT INTO DUENYOS (ID)
VALUES ((SELECT ID 
         FROM PERSONAS 
         WHERE UPPER(DNI) = '11111111P'));

-- EQUIPO --

INSERT INTO EQUIPOS (NOMBRE, PRESUPUESTO, SPONSOR, IDDUENYO ) 
VALUES ('PORCINOS FC', 200000000, 'COLACAO'
        ,(SELECT ID 
          FROM PERSONAS 
          WHERE UPPER(DNI) = '11111111P'));
        
-- ENTRENADOR --

INSERT INTO PERSONAS (DNI, NOMBRE, APELLIDO)
VALUES ('22222222P','JUVENAL', 'EDJOGO-OWONO');

INSERT INTO ENTRENADORES (ID)
VALUES ((SELECT ID 
         FROM PERSONAS 
         WHERE UPPER(DNI) = '22222222P'));
                           
INSERT INTO ENTRENADOREQUIPOS (IDENTRENADOR, IDEQUIPO, SUELDO, FECHAINICIO)
VALUES((SELECT ID 
        FROM PERSONAS 
        WHERE UPPER(DNI) = '22222222P'),
        (SELECT ID 
         FROM EQUIPOS
         WHERE UPPER(NOMBRE)='PORCINOS FC'),
5000, SYSDATE);

-- ASISTENTE --

INSERT INTO PERSONAS (DNI, NOMBRE, APELLIDO)
VALUES ('33333333P', 'JUAN', 'ALBERTO');

INSERT INTO ASISTENTES (ID)
VALUES ((SELECT ID 
         FROM PERSONAS 
         WHERE UPPER(DNI) = '33333333P'));

INSERT INTO ASISTENTEEQUIPOS (IDASISTENTE, IDEQUIPO, SUELDO, FECHAINICIO)
VALUES((SELECT ID 
        FROM PERSONAS 
        WHERE UPPER(DNI)='33333333P'),
        (SELECT ID 
         FROM EQUIPOS
         WHERE UPPER(NOMBRE)='PORCINOS FC'), 5000, SYSDATE);

-- JUGADORES --

INSERT INTO PERSONAS (DNI, NOMBRE, APELLIDO)
VALUES ('44444444P', 'MARC', 'BRIONES');

INSERT INTO JUGADORES (ID, POSICION, NUMDRAFT, TIPO)
VALUES ((SELECT ID
         FROM PERSONAS
         WHERE UPPER(DNI) = '44444444P')
         ,'PORTERO', 060, 'draft');

INSERT INTO JUGADORESEQUIPOS(IDJUGADOR, IDEQUIPO, SUELDO, FECHAINICIO, CLAUSULA)
VALUES ((SELECT ID
         FROM PERSONAS
         WHERE UPPER(DNI) = '44444444P'),
         (SELECT ID 
          FROM EQUIPOS
          WHERE UPPER(NOMBRE)='PORCINOS FC'), 10000000, SYSDATE, 15000000);

--------------------------------------------------------------------------------

INSERT INTO PERSONAS (DNI, NOMBRE, APELLIDO)
VALUES ('55555555P', 'DAVID', 'SORIANO');

INSERT INTO JUGADORES (ID, POSICION, NUMDRAFT, TIPO)
VALUES ((SELECT ID
         FROM PERSONAS
         WHERE UPPER(DNI) = '55555555P')
         ,'DEFENSA', 064, 'draft');

INSERT INTO JUGADORESEQUIPOS(IDJUGADOR, IDEQUIPO, SUELDO, FECHAINICIO, CLAUSULA)
VALUES ((SELECT ID
         FROM PERSONAS
         WHERE UPPER(DNI)='55555555P')
         ,(SELECT ID 
           FROM EQUIPOS
           WHERE UPPER(NOMBRE)='PORCINOS FC')
, 10000000, SYSDATE, 15000000);

--------------------------------------------------------------------------------

INSERT INTO PERSONAS (DNI, NOMBRE, APELLIDO)
VALUES ('66666666P', 'NOEL', 'BAYARRI');

INSERT INTO JUGADORES (ID, POSICION, NUMDRAFT, TIPO)
VALUES ((SELECT ID
         FROM PERSONAS
         WHERE UPPER(DNI) = '66666666P')
         ,'DEFENSA', 173, 'draft');

INSERT INTO JUGADORESEQUIPOS(IDJUGADOR, IDEQUIPO, SUELDO, FECHAINICIO, CLAUSULA)
VALUES ((SELECT ID
         FROM PERSONAS
         WHERE UPPER(DNI) = '66666666P')
         ,(SELECT ID 
           FROM EQUIPOS
           WHERE UPPER(NOMBRE)='PORCINOS FC')
, 10000000, SYSDATE, 15000000);

--------------------------------------------------------------------------------

INSERT INTO PERSONAS (DNI, NOMBRE, APELLIDO)
VALUES ('77777777P', 'ALEX', 'GUTIERREZ');

INSERT INTO JUGADORES (ID, POSICION, NUMDRAFT, TIPO)
VALUES ((SELECT ID
         FROM PERSONAS
         WHERE UPPER(DNI) = '77777777P')
         ,'DEFENSA', 091, 'draft');

INSERT INTO JUGADORESEQUIPOS(IDJUGADOR, IDEQUIPO, SUELDO, FECHAINICIO, CLAUSULA)
VALUES ((SELECT ID
         FROM PERSONAS
         WHERE UPPER(DNI) = '77777777P')
         ,(SELECT ID 
           FROM EQUIPOS
           WHERE UPPER(NOMBRE)='PORCINOS FC')
, 10000000, SYSDATE, 15000000);

--------------------------------------------------------------------------------

INSERT INTO PERSONAS (DNI, NOMBRE, APELLIDO)
VALUES ('88888888P', 'NACHO', 'JORDA');

INSERT INTO JUGADORES (ID, POSICION, NUMDRAFT, TIPO)
VALUES ((SELECT ID
         FROM PERSONAS
         WHERE UPPER(DNI) = '88888888P')
         ,'DEFENSA', 062, 'draft');

INSERT INTO JUGADORESEQUIPOS(IDJUGADOR, IDEQUIPO, SUELDO, FECHAINICIO, CLAUSULA)
VALUES ((SELECT ID
         FROM PERSONAS
         WHERE UPPER(DNI) = '88888888P')
         ,(SELECT ID 
           FROM EQUIPOS
           WHERE UPPER(NOMBRE)='PORCINOS FC')
, 10000000, SYSDATE, 15000000);

--------------------------------------------------------------------------------

INSERT INTO PERSONAS (DNI, NOMBRE, APELLIDO)
VALUES ('99999999P', 'CRISTIAN', 'VALLE');

INSERT INTO JUGADORES (ID, POSICION, NUMDRAFT, TIPO)
VALUES ((SELECT ID
         FROM PERSONAS
         WHERE UPPER(DNI) = '99999999P')
         ,'DEFENSA', 137, 'draft');

INSERT INTO JUGADORESEQUIPOS(IDJUGADOR, IDEQUIPO, SUELDO, FECHAINICIO, CLAUSULA)
VALUES ((SELECT ID
         FROM PERSONAS
         WHERE UPPER(DNI) = '99999999P')
         ,(SELECT ID 
           FROM EQUIPOS
           WHERE UPPER(NOMBRE)='PORCINOS FC')
, 10000000, SYSDATE, 15000000);

--------------------------------------------------------------------------------

INSERT INTO PERSONAS (DNI, NOMBRE, APELLIDO)
VALUES ('10101010P', 'FLAVIO', 'RUGGERI');

INSERT INTO JUGADORES (ID, POSICION, NUMDRAFT, TIPO)
VALUES ((SELECT ID
         FROM PERSONAS
         WHERE UPPER(DNI) = '1O1O1O1OP')
         ,'DEFENSA', 006, 'draft');

INSERT INTO JUGADORESEQUIPOS(IDJUGADOR, IDEQUIPO, SUELDO, FECHAINICIO, CLAUSULA)
VALUES ((SELECT ID
         FROM PERSONAS
         WHERE UPPER(DNI) = '10101010P')
         ,(SELECT ID 
           FROM EQUIPOS
           WHERE UPPER(NOMBRE)='PORCINOS FC')
, 10000000, SYSDATE, 15000000);

--------------------------------------------------------------------------------

INSERT INTO PERSONAS (DNI, NOMBRE, APELLIDO)
VALUES ('12121212P', 'TEIMURAZI', 'KORKOTASHVILI');

INSERT INTO JUGADORES (ID, POSICION, NUMDRAFT, TIPO)
VALUES ((SELECT ID
         FROM PERSONAS
         WHERE UPPER(DNI) = '12121212P')
         ,'MEDIO', 054, 'draft');

INSERT INTO JUGADORESEQUIPOS(IDJUGADOR, IDEQUIPO, SUELDO, FECHAINICIO, CLAUSULA)
VALUES ((SELECT ID
         FROM PERSONAS
         WHERE UPPER(DNI) = '12121212P')
         ,(SELECT ID 
           FROM EQUIPOS
           WHERE UPPER(NOMBRE)='PORCINOS FC')
, 10000000, SYSDATE, 15000000);

--------------------------------------------------------------------------------

INSERT INTO PERSONAS (DNI, NOMBRE, APELLIDO)
VALUES ('13131313P', 'CARLOS', 'GONZALEZ');

INSERT INTO JUGADORES (ID, POSICION, NUMDRAFT, TIPO)
VALUES ((SELECT ID
         FROM PERSONAS
         WHERE UPPER(DNI) = '1313131313P')
         ,'MEDIO', 196, 'draft');

INSERT INTO JUGADORESEQUIPOS(IDJUGADOR, IDEQUIPO, SUELDO, FECHAINICIO, CLAUSULA)
VALUES ((SELECT ID
         FROM PERSONAS
         WHERE UPPER(DNI) = '13131313P')
         ,(SELECT ID 
           FROM EQUIPOS
           WHERE UPPER(NOMBRE)='PORCINOS FC')
, 10000000, SYSDATE, 15000000);

--------------------------------------------------------------------------------

INSERT INTO PERSONAS (DNI, NOMBRE, APELLIDO)
VALUES ('14141414P', 'ALBERTO', 'BUENO');

INSERT INTO JUGADORES (ID, POSICION, NUMDRAFT, TIPO)
VALUES ((SELECT ID
         FROM PERSONAS
         WHERE UPPER(DNI) = '14141414P')
         ,'DELANTERO', NULL, 'wildcard');

INSERT INTO JUGADORESEQUIPOS(IDJUGADOR, IDEQUIPO, SUELDO, FECHAINICIO, CLAUSULA)
VALUES ((SELECT ID
         FROM PERSONAS
         WHERE UPPER(DNI) = '14141414P')
         ,(SELECT ID 
           FROM EQUIPOS
           WHERE UPPER(NOMBRE)='PORCINOS FC')
, 10000000, SYSDATE, 15000000);

--------------------------------------------------------------------------------

INSERT INTO PERSONAS (DNI, NOMBRE, APELLIDO)
VALUES ('15151515P', 'DORKIS', 'PEREZ');

INSERT INTO JUGADORES (ID, POSICION, NUMDRAFT, TIPO)
VALUES ((SELECT ID
         FROM PERSONAS
         WHERE UPPER(DNI) = '15151515P')
         ,'DELANTERO', 128, 'draft');

INSERT INTO JUGADORESEQUIPOS(IDJUGADOR, IDEQUIPO, SUELDO, FECHAINICIO, CLAUSULA)
VALUES ((SELECT ID
         FROM PERSONAS
         WHERE UPPER(DNI) = '15151515P')
         ,(SELECT ID 
           FROM EQUIPOS
           WHERE UPPER(NOMBRE)='PORCINOS FC')
, 10000000, SYSDATE, 15000000);

--------------------------------------------------------------------------------

INSERT INTO PERSONAS (DNI, NOMBRE, APELLIDO)
VALUES ('16161616P', 'JACOBO', 'FERNANDEZ');

INSERT INTO JUGADORES (ID, POSICION, NUMDRAFT, TIPO)
VALUES ((SELECT ID
         FROM PERSONAS
         WHERE UPPER(DNI) = '16161616P')
         ,'DELANTERO', 217, 'draft');

INSERT INTO JUGADORESEQUIPOS(IDJUGADOR, IDEQUIPO, SUELDO, FECHAINICIO, CLAUSULA)
VALUES ((SELECT ID
         FROM PERSONAS
         WHERE UPPER(DNI) = '16161616P')
         ,(SELECT ID 
           FROM EQUIPOS
           WHERE UPPER(NOMBRE)='PORCINOS FC')
, 10000000, SYSDATE, 15000000);

--------------------------------------------------------------------------------
/******************************************************************************/
--------------------------------------------------------------------------------

/* ULTIMATE MOSTOLES */

-- DUEÑO --

INSERT INTO PERSONAS (DNI, NOMBRE, APELLIDO) 
VALUES ('11111111U','MARIO','ALONSO');

INSERT INTO DUENYOS (ID)
VALUES ((SELECT ID 
         FROM PERSONAS 
         WHERE UPPER(DNI) = '11111111U'));

-- EQUIPO --

INSERT INTO EQUIPOS (NOMBRE, PRESUPUESTO, SPONSOR, IDDUENYO ) 
VALUES ('ULTIMATE MOSTOLES', 200000000, 'EA SPORTS')
        ,(SELECT ID 
          FROM PERSONAS 
          WHERE UPPER(DNI) = '11111111U'));
        
-- ENTRENADOR --

INSERT INTO PERSONAS (DNI, NOMBRE, APELLIDO)
VALUES ('22222222U','NACHO', 'CASTRO');

INSERT INTO ENTRENADORES (ID)
VALUES ((SELECT ID 
         FROM PERSONAS 
         WHERE UPPER(DNI) = '22222222U'));
                           
INSERT INTO ENTRENADOREQUIPOS (IDENTRENADOR, IDEQUIPO, SUELDO, FECHAINICIO)
VALUES((SELECT ID 
        FROM PERSONAS 
        WHERE UPPER(DNI) = '22222222U'),
        (SELECT ID 
         FROM EQUIPOS
         WHERE UPPER(NOMBRE) = 'ULTIMATE MOSTOLES'),
5000, SYSDATE);

-- ASISTENTE --

INSERT INTO PERSONAS (DNI, NOMBRE, APELLIDO)
VALUES ('33333333U', 'JOSE', 'ANTONIO');

INSERT INTO ASISTENTES (ID)
VALUES ((SELECT ID 
         FROM PERSONAS 
         WHERE UPPER(DNI) = '33333333U'));

INSERT INTO ASISTENTEEQUIPOS (IDASISTENTE, IDEQUIPO, SUELDO, FECHAINICIO)
VALUES((SELECT ID 
        FROM PERSONAS 
        WHERE UPPER(DNI) = '33333333U'),
        (SELECT ID 
         FROM EQUIPOS
         WHERE UPPER(NOMBRE) = 'ULTIMATE MOSTOLES'), 5000, SYSDATE);

-- JUGADORES --

INSERT INTO PERSONAS (DNI, NOMBRE, APELLIDO)
VALUES ('44444444U', 'POL', 'LECHUGA');

INSERT INTO JUGADORES (ID, POSICION, NUMDRAFT, TIPO)
VALUES ((SELECT ID
         FROM PERSONAS
         WHERE UPPER(DNI) = '44444444U')
         ,'PORTERO', 002, 'draft');

INSERT INTO JUGADORESEQUIPOS(IDJUGADOR, IDEQUIPO, SUELDO, FECHAINICIO, CLAUSULA)
VALUES ((SELECT ID
         FROM PERSONAS
         WHERE UPPER(DNI) = '44444444U'),
         (SELECT ID 
          FROM EQUIPOS
          WHERE UPPER(NOMBRE) = 'ULTIMATE MOSTOLES'), 10000000, SYSDATE, 15000000);

--------------------------------------------------------------------------------

INSERT INTO PERSONAS (DNI, NOMBRE, APELLIDO)
VALUES ('55555555U', 'GABRIEL', 'CICHERO');

INSERT INTO JUGADORES (ID, POSICION, NUMDRAFT, TIPO)
VALUES ((SELECT ID
         FROM PERSONAS
         WHERE UPPER(DNI) = '55555555U')
         ,'DEFENSA', 076, 'draft');

INSERT INTO JUGADORESEQUIPOS(IDJUGADOR, IDEQUIPO, SUELDO, FECHAINICIO, CLAUSULA)
VALUES ((SELECT ID
         FROM PERSONAS
         WHERE UPPER(DNI) = '55555555U'),
         (SELECT ID 
          FROM EQUIPOS
          WHERE UPPER(NOMBRE) = 'ULTIMATE MOSTOLES'), 10000000, SYSDATE, 15000000);

--------------------------------------------------------------------------------

INSERT INTO PERSONAS (DNI, NOMBRE, APELLIDO)
VALUES ('66666666U', 'JOEL', 'BAÑULS');

INSERT INTO JUGADORES (ID, POSICION, NUMDRAFT, TIPO)
VALUES ((SELECT ID
         FROM PERSONAS
         WHERE UPPER(DNI) = '66666666U')
         ,'DEFENSA', 005, 'draft');

INSERT INTO JUGADORESEQUIPOS(IDJUGADOR, IDEQUIPO, SUELDO, FECHAINICIO, CLAUSULA)
VALUES ((SELECT ID
         FROM PERSONAS
         WHERE UPPER(DNI) = '66666666U'),
         (SELECT ID 
          FROM EQUIPOS
          WHERE UPPER(NOMBRE) = 'ULTIMATE MOSTOLES'), 10000000, SYSDATE, 15000000);

--------------------------------------------------------------------------------

INSERT INTO PERSONAS (DNI, NOMBRE, APELLIDO)
VALUES ('77777777U', 'ALEIX', 'MASSEGÚ');

INSERT INTO JUGADORES (ID, POSICION, NUMDRAFT, TIPO)
VALUES ((SELECT ID
         FROM PERSONAS
         WHERE UPPER(DNI) = '77777777U')
         ,'DEFENSA', 092, 'draft');

INSERT INTO JUGADORESEQUIPOS(IDJUGADOR, IDEQUIPO, SUELDO, FECHAINICIO, CLAUSULA)
VALUES ((SELECT ID
         FROM PERSONAS
         WHERE UPPER(DNI) = '77777777U'),
         (SELECT ID 
          FROM EQUIPOS
          WHERE UPPER(NOMBRE) = 'ULTIMATE MOSTOLES'), 10000000, SYSDATE, 15000000);

--------------------------------------------------------------------------------

INSERT INTO PERSONAS (DNI, NOMBRE, APELLIDO)
VALUES ('88888888U', 'FELIU', 'TORRUS');

INSERT INTO JUGADORES (ID, POSICION, NUMDRAFT, TIPO)
VALUES ((SELECT ID
         FROM PERSONAS
         WHERE UPPER(DNI) = '88888888U')
         ,'MEDIO', 112, 'draft');

INSERT INTO JUGADORESEQUIPOS(IDJUGADOR, IDEQUIPO, SUELDO, FECHAINICIO, CLAUSULA)
VALUES ((SELECT ID
         FROM PERSONAS
         WHERE UPPER(DNI) = '88888888U'),
         (SELECT ID 
          FROM EQUIPOS
          WHERE UPPER(NOMBRE) = 'ULTIMATE MOSTOLES'), 10000000, SYSDATE, 15000000);

--------------------------------------------------------------------------------

INSERT INTO PERSONAS (DNI, NOMBRE, APELLIDO)
VALUES ('99999999U', 'SERGIO', 'SÁNCHEZ');

INSERT INTO JUGADORES (ID, POSICION, NUMDRAFT, TIPO)
VALUES ((SELECT ID
         FROM PERSONAS
         WHERE UPPER(DNI) = '99999999U')
         ,'MEDIO', 164, 'draft');

INSERT INTO JUGADORESEQUIPOS(IDJUGADOR, IDEQUIPO, SUELDO, FECHAINICIO, CLAUSULA)
VALUES ((SELECT ID
         FROM PERSONAS
         WHERE UPPER(DNI) = '99999999U'),
         (SELECT ID 
          FROM EQUIPOS
          WHERE UPPER(NOMBRE) = 'ULTIMATE MOSTOLES'), 10000000, SYSDATE, 15000000);

--------------------------------------------------------------------------------

INSERT INTO PERSONAS (DNI, NOMBRE, APELLIDO)
VALUES ('10101010U', 'JUAN', 'MANUEL');

INSERT INTO JUGADORES (ID, POSICION, NUMDRAFT, TIPO)
VALUES ((SELECT ID
         FROM PERSONAS
         WHERE UPPER(DNI) = '10101010U')
         ,'DELANTERO', NULL, 'wildcard');

INSERT INTO JUGADORESEQUIPOS(IDJUGADOR, IDEQUIPO, SUELDO, FECHAINICIO, CLAUSULA)
VALUES ((SELECT ID
         FROM PERSONAS
         WHERE UPPER(DNI) = '10101010U'),
         (SELECT ID 
          FROM EQUIPOS
          WHERE UPPER(NOMBRE) = 'ULTIMATE MOSTOLES'), 10000000, SYSDATE, 15000000);

--------------------------------------------------------------------------------

INSERT INTO PERSONAS (DNI, NOMBRE, APELLIDO)
VALUES ('12121212U', 'CRISTIAN', 'UBON');

INSERT INTO JUGADORES (ID, POSICION, NUMDRAFT, TIPO)
VALUES ((SELECT ID
         FROM PERSONAS
         WHERE UPPER(DNI) = '12121212U')
         ,'DELANTERO', 051, 'draft');

INSERT INTO JUGADORESEQUIPOS(IDJUGADOR, IDEQUIPO, SUELDO, FECHAINICIO, CLAUSULA)
VALUES ((SELECT ID
         FROM PERSONAS
         WHERE UPPER(DNI) = '12121212U'),
         (SELECT ID 
          FROM EQUIPOS
          WHERE UPPER(NOMBRE) = 'ULTIMATE MOSTOLES'), 10000000, SYSDATE, 15000000);

--------------------------------------------------------------------------------

INSERT INTO PERSONAS (DNI, NOMBRE, APELLIDO)
VALUES ('13131313U', 'GIOVANNI', 'FERINU');

INSERT INTO JUGADORES (ID, POSICION, NUMDRAFT, TIPO)
VALUES ((SELECT ID
         FROM PERSONAS
         WHERE UPPER(DNI) = '13131313U')
         ,'DELANTERO', 115, 'draft');

INSERT INTO JUGADORESEQUIPOS(IDJUGADOR, IDEQUIPO, SUELDO, FECHAINICIO, CLAUSULA)
VALUES ((SELECT ID
         FROM PERSONAS
         WHERE UPPER(DNI) = '13131313U'),
         (SELECT ID 
          FROM EQUIPOS
          WHERE UPPER(NOMBRE) = 'ULTIMATE MOSTOLES'), 10000000, SYSDATE, 15000000);

--------------------------------------------------------------------------------

INSERT INTO PERSONAS (DNI, NOMBRE, APELLIDO)
VALUES ('14141414U', 'SERGIO', 'GARCÍA');

INSERT INTO JUGADORES (ID, POSICION, NUMDRAFT, TIPO)
VALUES ((SELECT ID
         FROM PERSONAS
         WHERE UPPER(DNI) = '14141414U')
         ,'DELANTERO', NULL, 'wildcard');

INSERT INTO JUGADORESEQUIPOS(IDJUGADOR, IDEQUIPO, SUELDO, FECHAINICIO, CLAUSULA)
VALUES ((SELECT ID
         FROM PERSONAS
         WHERE UPPER(DNI) = '14141414U'),
         (SELECT ID 
          FROM EQUIPOS
          WHERE UPPER(NOMBRE) = 'ULTIMATE MOSTOLES'), 10000000, SYSDATE, 15000000);

--------------------------------------------------------------------------------
/******************************************************************************/
--------------------------------------------------------------------------------

/* JIJANTES FC */

-- DUEÑO --

INSERT INTO PERSONAS (DNI, NOMBRE, APELLIDO) 
VALUES ('11111111J','GERARD','ROMERO');

INSERT INTO DUENYOS (ID)
VALUES ((SELECT ID 
         FROM PERSONAS 
         WHERE UPPER(DNI) = '11111111J'));
		 
-- EQUIPO --

INSERT INTO EQUIPOS (NOMBRE, PRESUPUESTO, SPONSOR,IDDUENYO) 
VALUES ('JIJANTES FC', 200000000, 'RADIO CATALUNIA'
		,(SELECT ID 
          FROM PERSONAS 
          WHERE UPPER(DNI) = '11111111J'));

		 
-- ENTRENADOR --

INSERT INTO PERSONAS (DNI, NOMBRE, APELLIDO)
VALUES ('22222222J','MARC', 'CARMONA');

INSERT INTO ENTRENADORES (ID)
VALUES ((SELECT ID 
         FROM PERSONAS 
         WHERE UPPER(DNI) = '22222222J'));
                           
INSERT INTO ENTRENADOREQUIPOS (IDENTRENADOR, IDEQUIPO, SUELDO, FECHAINICIO)
VALUES((SELECT ID 
        FROM PERSONAS 
        WHERE UPPER(DNI) = '22222222J'),
        (SELECT ID 
         FROM EQUIPOS
         WHERE UPPER(NOMBRE)='JIJANTES FC'), 5000, SYSDATE);

-- ASISTENTE --

INSERT INTO PERSONAS (DNI, NOMBRE, APELLIDO)
VALUES ('33333333J', 'VICTOR', 'SEVILLA');

INSERT INTO ASISTENTES (ID)
VALUES ((SELECT ID 
         FROM PERSONAS 
         WHERE UPPER(DNI) = '33333333J'));

INSERT INTO ASISTENTEEQUIPOS (IDASISTENTE, IDEQUIPO, SUELDO, FECHAINICIO)
VALUES((SELECT ID 
        FROM PERSONAS 
        WHERE UPPER(DNI)='33333333J'),
        (SELECT ID 
         FROM EQUIPOS
         WHERE UPPER(NOMBRE)='JIJANTES FC'), 5000, SYSDATE);

-- JUGADORES --

INSERT INTO PERSONAS (DNI, NOMBRE, APELLIDO)
VALUES ('44444444J', 'JOSÉ', 'SEGOVIA');

INSERT INTO JUGADORES (ID, POSICION, NUMDRAFT, TIPO)
VALUES ((SELECT ID
         FROM PERSONAS
         WHERE UPPER(DNI) = '44444444J')
         ,'PORTERO', 118, 'draft');

INSERT INTO JUGADORESEQUIPOS(IDJUGADOR, IDEQUIPO, SUELDO, FECHAINICIO, CLAUSULA)
VALUES ((SELECT ID
         FROM PERSONAS
         WHERE UPPER(DNI) = '44444444J'),
         (SELECT ID 
          FROM EQUIPOS
          WHERE UPPER(NOMBRE)='JIJANTES FC'), 10000000, SYSDATE, 15000000);

--------------------------------------------------------------------------------

INSERT INTO PERSONAS (DNI, NOMBRE, APELLIDO)
VALUES ('55555555J', 'MARIO', 'LEÓN');

INSERT INTO JUGADORES (ID, POSICION, NUMDRAFT, TIPO)
VALUES ((SELECT ID
         FROM PERSONAS
         WHERE UPPER(DNI) = '55555555J')
         ,'PORTERO', 104, 'draft');

INSERT INTO JUGADORESEQUIPOS(IDJUGADOR, IDEQUIPO, SUELDO, FECHAINICIO, CLAUSULA)
VALUES ((SELECT ID
         FROM PERSONAS
         WHERE UPPER(DNI) = '55555555J'),
         (SELECT ID 
          FROM EQUIPOS
          WHERE UPPER(NOMBRE)='JIJANTES FC'), 10000000, SYSDATE, 15000000);

--------------------------------------------------------------------------------

INSERT INTO PERSONAS (DNI, NOMBRE, APELLIDO)
VALUES ('66666666J', 'DAVID', 'LÓPEZ');

INSERT INTO JUGADORES (ID, POSICION, NUMDRAFT, TIPO)
VALUES ((SELECT ID
         FROM PERSONAS
         WHERE UPPER(DNI) = '66666666J')
         ,'DEFENSA', 034, 'draft');

INSERT INTO JUGADORESEQUIPOS(IDJUGADOR, IDEQUIPO, SUELDO, FECHAINICIO, CLAUSULA)
VALUES ((SELECT ID
         FROM PERSONAS
         WHERE UPPER(DNI) = '66666666J'),
         (SELECT ID 
          FROM EQUIPOS
          WHERE UPPER(NOMBRE)='JIJANTES FC'), 10000000, SYSDATE, 15000000);

--------------------------------------------------------------------------------

INSERT INTO PERSONAS (DNI, NOMBRE, APELLIDO)
VALUES ('7777777J', 'ARNAU', 'MARTÍNEZ');

INSERT INTO JUGADORES (ID, POSICION, NUMDRAFT, TIPO)
VALUES ((SELECT ID
         FROM PERSONAS
         WHERE UPPER(DNI) = '7777777J')
         ,'DEFENSA', 032, 'draft');

INSERT INTO JUGADORESEQUIPOS(IDJUGADOR, IDEQUIPO, SUELDO, FECHAINICIO, CLAUSULA)
VALUES ((SELECT ID
         FROM PERSONAS
         WHERE UPPER(DNI) = '77777777J'),
         (SELECT ID 
          FROM EQUIPOS
          WHERE UPPER(NOMBRE)='JIJANTES FC'), 10000000, SYSDATE, 15000000);

--------------------------------------------------------------------------------

INSERT INTO PERSONAS (DNI, NOMBRE, APELLIDO)
VALUES ('88888888J', 'ROMÁN', 'GOLOBART');

INSERT INTO JUGADORES (ID, POSICION, NUMDRAFT, TIPO)
VALUES ((SELECT ID
         FROM PERSONAS
         WHERE UPPER(DNI) = '88888888J')
         ,'DEFENSA', NULL, 'wildcard');

INSERT INTO JUGADORESEQUIPOS(IDJUGADOR, IDEQUIPO, SUELDO, FECHAINICIO, CLAUSULA)
VALUES ((SELECT ID
         FROM PERSONAS
         WHERE UPPER(DNI) = '88888888J'),
         (SELECT ID 
          FROM EQUIPOS
          WHERE UPPER(NOMBRE)='JIJANTES FC'), 10000000, SYSDATE, 15000000);

--------------------------------------------------------------------------------

INSERT INTO PERSONAS (DNI, NOMBRE, APELLIDO)
VALUES ('99999999J', 'JONATHAN', 'MENGELL');

INSERT INTO JUGADORES (ID, POSICION, NUMDRAFT, TIPO)
VALUES ((SELECT ID
         FROM PERSONAS
         WHERE UPPER(DNI) = '99999999J')
         ,'DEFENSA', 174, 'draft');

INSERT INTO JUGADORESEQUIPOS(IDJUGADOR, IDEQUIPO, SUELDO, FECHAINICIO, CLAUSULA)
VALUES ((SELECT ID
         FROM PERSONAS
         WHERE UPPER(DNI) = '99999999J'),
         (SELECT ID 
          FROM EQUIPOS
          WHERE UPPER(NOMBRE)='JIJANTES FC'), 10000000, SYSDATE, 15000000);

--------------------------------------------------------------------------------

INSERT INTO PERSONAS (DNI, NOMBRE, APELLIDO)
VALUES ('10101010J', 'SERGI', 'SAURAS');

INSERT INTO JUGADORES (ID, POSICION, NUMDRAFT, TIPO)
VALUES ((SELECT ID
         FROM PERSONAS
         WHERE UPPER(DNI) = '10101010J')
         ,'DEFENSA', 108, 'draft');

INSERT INTO JUGADORESEQUIPOS(IDJUGADOR, IDEQUIPO, SUELDO, FECHAINICIO, CLAUSULA)
VALUES ((SELECT ID
         FROM PERSONAS
         WHERE UPPER(DNI) = '10101010J'),
         (SELECT ID 
          FROM EQUIPOS
          WHERE UPPER(NOMBRE)='JIJANTES FC'), 10000000, SYSDATE, 15000000);

--------------------------------------------------------------------------------

INSERT INTO PERSONAS (DNI, NOMBRE, APELLIDO)
VALUES ('12121212J', 'IVÁN', 'PÉREZ');

INSERT INTO JUGADORES (ID, POSICION, NUMDRAFT, TIPO)
VALUES ((SELECT ID
         FROM PERSONAS
         WHERE UPPER(DNI) = '12121212J')
         ,'MEDIO', 156, 'draft');

INSERT INTO JUGADORESEQUIPOS(IDJUGADOR, IDEQUIPO, SUELDO, FECHAINICIO, CLAUSULA)
VALUES ((SELECT ID
         FROM PERSONAS
         WHERE UPPER(DNI) = '12121212J'),
         (SELECT ID 
          FROM EQUIPOS
          WHERE UPPER(NOMBRE)='JIJANTES FC'), 10000000, SYSDATE, 15000000);

--------------------------------------------------------------------------------

INSERT INTO PERSONAS (DNI, NOMBRE, APELLIDO)
VALUES ('13131313J', 'FRANC', 'CORTÉS');

INSERT INTO JUGADORES (ID, POSICION, NUMDRAFT, TIPO)
VALUES ((SELECT ID
         FROM PERSONAS
         WHERE UPPER(DNI) = '13131313J')
         ,'DEFENSA', 052, 'draft');

INSERT INTO JUGADORESEQUIPOS(IDJUGADOR, IDEQUIPO, SUELDO, FECHAINICIO, CLAUSULA)
VALUES ((SELECT ID
         FROM PERSONAS
         WHERE UPPER(DNI) = '13131313J'),
         (SELECT ID 
          FROM EQUIPOS
          WHERE UPPER(NOMBRE)='JIJANTES FC'), 10000000, SYSDATE, 15000000);

--------------------------------------------------------------------------------

INSERT INTO PERSONAS (DNI, NOMBRE, APELLIDO)
VALUES ('14141414J', 'IBAI', 'GÓMEZ');

INSERT INTO JUGADORES (ID, POSICION, NUMDRAFT, TIPO)
VALUES ((SELECT ID
         FROM PERSONAS
         WHERE UPPER(DNI) = '14141414J')
         ,'DELANTERO', NULL, 'wildcard');

INSERT INTO JUGADORESEQUIPOS(IDJUGADOR, IDEQUIPO, SUELDO, FECHAINICIO, CLAUSULA)
VALUES ((SELECT ID
         FROM PERSONAS
         WHERE UPPER(DNI) = '14141414J'),
         (SELECT ID 
          FROM EQUIPOS
          WHERE UPPER(NOMBRE)='JIJANTES FC'), 10000000, SYSDATE, 15000000);

--------------------------------------------------------------------------------

INSERT INTO PERSONAS (DNI, NOMBRE, APELLIDO)
VALUES ('15151515J', 'ORIOL', 'PONS');

INSERT INTO JUGADORES (ID, POSICION, NUMDRAFT, TIPO)
VALUES ((SELECT ID
         FROM PERSONAS
         WHERE UPPER(DNI) = '15151515J')
         ,'DELANTERO', 205, 'draft');

INSERT INTO JUGADORESEQUIPOS(IDJUGADOR, IDEQUIPO, SUELDO, FECHAINICIO, CLAUSULA)
VALUES ((SELECT ID
         FROM PERSONAS
         WHERE UPPER(DNI) = '15151515J'),
         (SELECT ID 
          FROM EQUIPOS
          WHERE UPPER(NOMBRE)='JIJANTES FC'), 10000000, SYSDATE, 15000000);

--------------------------------------------------------------------------------

INSERT INTO PERSONAS (DNI, NOMBRE, APELLIDO)
VALUES ('16161616J', 'JUAN', 'QUERO');

INSERT INTO JUGADORES (ID, POSICION, NUMDRAFT, TIPO)
VALUES ((SELECT ID
         FROM PERSONAS
         WHERE UPPER(DNI) = '16161616J')
         ,'DELANTERO', 170, 'draft');

INSERT INTO JUGADORESEQUIPOS(IDJUGADOR, IDEQUIPO, SUELDO, FECHAINICIO, CLAUSULA)
VALUES ((SELECT ID
         FROM PERSONAS
         WHERE UPPER(DNI) = '16161616J'),
         (SELECT ID 
          FROM EQUIPOS
          WHERE UPPER(NOMBRE)='JIJANTES FC'), 10000000, SYSDATE, 15000000);

--------------------------------------------------------------------------------

INSERT INTO PERSONAS (DNI, NOMBRE, APELLIDO)
VALUES ('17171717J', 'RAÚL', 'MARTÍNEZ');

INSERT INTO JUGADORES (ID, POSICION, NUMDRAFT, TIPO)
VALUES ((SELECT ID
         FROM PERSONAS
         WHERE UPPER(DNI) = '17171717J')
         ,'DELANTERO', 070, 'draft');

INSERT INTO JUGADORESEQUIPOS(IDJUGADOR, IDEQUIPO, SUELDO, FECHAINICIO, CLAUSULA)
VALUES ((SELECT ID
         FROM PERSONAS
         WHERE UPPER(DNI) = '16161616J'),
         (SELECT ID 
          FROM EQUIPOS
          WHERE UPPER(NOMBRE)='JIJANTES FC'), 10000000, SYSDATE, 15000000);

--------------------------------------------------------------------------------

--------------------------------------------------------------------------------
/******************************************************************************/
--------------------------------------------------------------------------------

/* RAYO DE BARCELONA */

-- DUEÑO --

INSERT INTO PERSONAS (DNI, NOMBRE, APELLIDO) 
VALUES ('11111111R','MARTI','MIRAS');

INSERT INTO DUENYOS (ID)
VALUES ((SELECT ID 
         FROM PERSONAS 
         WHERE UPPER(DNI) = '11111111R'));
		 
-- EQUIPO --

INSERT INTO EQUIPOS (NOMBRE, PRESUPUESTO, SPONSOR,IDDUENYO) 
VALUES ('RAYO DE BARCELONA', 200000000, ' BANCO MORABANC'
		,(SELECT ID 
          FROM PERSONAS 
          WHERE UPPER(DNI) = '11111111R'));

-- ENTRENADOR --

INSERT INTO PERSONAS (DNI, NOMBRE, APELLIDO)
VALUES ('22222222R','JUAN', 'LUIS');

INSERT INTO ENTRENADORES (ID)
VALUES ((SELECT ID 
         FROM PERSONAS 
         WHERE UPPER(DNI) = '22222222R'));
                           
INSERT INTO ENTRENADOREQUIPOS (IDENTRENADOR, IDEQUIPO, SUELDO, FECHAINICIO)
VALUES((SELECT ID 
        FROM PERSONAS 
        WHERE UPPER(DNI) = '22222222R'),
        (SELECT ID 
         FROM EQUIPOS
         WHERE UPPER(NOMBRE)='RAYO DE BARCELONA'), 5000, SYSDATE);

-- ASISTENTE --

INSERT INTO PERSONAS (DNI, NOMBRE, APELLIDO)
VALUES ('33333333R', 'SERENA', 'WILLIAMS');

INSERT INTO ASISTENTES (ID)
VALUES ((SELECT ID 
         FROM PERSONAS 
         WHERE UPPER(DNI) = '33333333R'));

INSERT INTO ASISTENTEEQUIPOS (IDASISTENTE, IDEQUIPO, SUELDO, FECHAINICIO)
VALUES((SELECT ID 
        FROM PERSONAS 
        WHERE UPPER(DNI)='33333333R'),
        (SELECT ID 
         FROM EQUIPOS
         WHERE UPPER(NOMBRE)='RAYO DE BARCELONA'), 5000, SYSDATE);

-- JUGADORES --

INSERT INTO PERSONAS (DNI, NOMBRE, APELLIDO)
VALUES ('44444444R', 'SERGIO', 'RODENAS');

INSERT INTO JUGADORES (ID, POSICION, NUMDRAFT, TIPO)
VALUES ((SELECT ID
         FROM PERSONAS
         WHERE UPPER(DNI) = '44444444R')
         ,'PORTERO', 117, 'draft');

INSERT INTO JUGADORESEQUIPOS(IDJUGADOR, IDEQUIPO, SUELDO, FECHAINICIO, CLAUSULA)
VALUES ((SELECT ID
         FROM PERSONAS
         WHERE UPPER(DNI) = '44444444R'),
         (SELECT ID 
          FROM EQUIPOS
          WHERE UPPER(NOMBRE)='RAYO DE BARCELONA'), 10000000, SYSDATE, 15000000);

--------------------------------------------------------------------------------

INSERT INTO PERSONAS (DNI, NOMBRE, APELLIDO)
VALUES ('55555555R', 'IGNACIO', 'BERCHÉ');

INSERT INTO JUGADORES (ID, POSICION, NUMDRAFT, TIPO)
VALUES ((SELECT ID
         FROM PERSONAS
         WHERE UPPER(DNI) = '55555555R')
         ,'PORTERO', 162, 'draft');

INSERT INTO JUGADORESEQUIPOS(IDJUGADOR, IDEQUIPO, SUELDO, FECHAINICIO, CLAUSULA)
VALUES ((SELECT ID
         FROM PERSONAS
         WHERE UPPER(DNI) = '55555555R'),
         (SELECT ID 
          FROM EQUIPOS
          WHERE UPPER(NOMBRE)='RAYO DE BARCELONA'), 10000000, SYSDATE, 15000000);

--------------------------------------------------------------------------------

INSERT INTO PERSONAS (DNI, NOMBRE, APELLIDO)
VALUES ('66666666R', 'VICTOR', 'MONGIL');

INSERT INTO JUGADORES (ID, POSICION, NUMDRAFT, TIPO)
VALUES ((SELECT ID
         FROM PERSONAS
         WHERE UPPER(DNI) = '44444444R')
         ,'DEFENSA', NULL, 'wildcard');

INSERT INTO JUGADORESEQUIPOS(IDJUGADOR, IDEQUIPO, SUELDO, FECHAINICIO, CLAUSULA)
VALUES ((SELECT ID
         FROM PERSONAS
         WHERE UPPER(DNI) = '66666666R'),
         (SELECT ID 
          FROM EQUIPOS
          WHERE UPPER(NOMBRE)='RAYO DE BARCELONA'), 10000000, SYSDATE, 15000000);

--------------------------------------------------------------------------------

INSERT INTO PERSONAS (DNI, NOMBRE, APELLIDO)
VALUES ('77777777R', 'ANDRES', 'SERRANO');

INSERT INTO JUGADORES (ID, POSICION, NUMDRAFT, TIPO)
VALUES ((SELECT ID
         FROM PERSONAS
         WHERE UPPER(DNI) = '77777777R')
         ,'DEFENSA', 176, 'draft');

INSERT INTO JUGADORESEQUIPOS(IDJUGADOR, IDEQUIPO, SUELDO, FECHAINICIO, CLAUSULA)
VALUES ((SELECT ID
         FROM PERSONAS
         WHERE UPPER(DNI) = '77777777R'),
         (SELECT ID 
          FROM EQUIPOS
          WHERE UPPER(NOMBRE)='RAYO DE BARCELONA'), 10000000, SYSDATE, 15000000);

--------------------------------------------------------------------------------

INSERT INTO PERSONAS (DNI, NOMBRE, APELLIDO)
VALUES ('88888888R', 'BRUNO', 'GUMÁ');

INSERT INTO JUGADORES (ID, POSICION, NUMDRAFT, TIPO)
VALUES ((SELECT ID
         FROM PERSONAS
         WHERE UPPER(DNI) = '88888888R')
         ,'DEFENSA', 119, 'draft');

INSERT INTO JUGADORESEQUIPOS(IDJUGADOR, IDEQUIPO, SUELDO, FECHAINICIO, CLAUSULA)
VALUES ((SELECT ID
         FROM PERSONAS
         WHERE UPPER(DNI) = '88888888R'),
         (SELECT ID 
          FROM EQUIPOS
          WHERE UPPER(NOMBRE)='RAYO DE BARCELONA'), 10000000, SYSDATE, 15000000);

--------------------------------------------------------------------------------

INSERT INTO PERSONAS (DNI, NOMBRE, APELLIDO)
VALUES ('99999999R', 'DANIEL', 'SANTIAGO');

INSERT INTO JUGADORES (ID, POSICION, NUMDRAFT, TIPO)
VALUES ((SELECT ID
         FROM PERSONAS
         WHERE UPPER(DNI) = '99999999R')
         ,'DEFENSA', 047, 'draft');

INSERT INTO JUGADORESEQUIPOS(IDJUGADOR, IDEQUIPO, SUELDO, FECHAINICIO, CLAUSULA)
VALUES ((SELECT ID
         FROM PERSONAS
         WHERE UPPER(DNI) = '99999999R'),
         (SELECT ID 
          FROM EQUIPOS
          WHERE UPPER(NOMBRE)='RAYO DE BARCELONA'), 10000000, SYSDATE, 15000000);

--------------------------------------------------------------------------------

INSERT INTO PERSONAS (DNI, NOMBRE, APELLIDO)
VALUES ('10101010R', 'FRANCESC', 'PURTÍ');

INSERT INTO JUGADORES (ID, POSICION, NUMDRAFT, TIPO)
VALUES ((SELECT ID
         FROM PERSONAS
         WHERE UPPER(DNI) = '10101010R')
         ,'MEDIO', 182, 'draft');

INSERT INTO JUGADORESEQUIPOS(IDJUGADOR, IDEQUIPO, SUELDO, FECHAINICIO, CLAUSULA)
VALUES ((SELECT ID
         FROM PERSONAS
         WHERE UPPER(DNI) = '10101010R'),
         (SELECT ID 
          FROM EQUIPOS
          WHERE UPPER(NOMBRE)='RAYO DE BARCELONA'), 10000000, SYSDATE, 15000000);

--------------------------------------------------------------------------------

INSERT INTO PERSONAS (DNI, NOMBRE, APELLIDO)
VALUES ('12121212R', 'ERIC', 'JIMÉNEZ');

INSERT INTO JUGADORES (ID, POSICION, NUMDRAFT, TIPO)
VALUES ((SELECT ID
         FROM PERSONAS
         WHERE UPPER(DNI) = '12121212R')
         ,'DELANTERO', NULL, 'wildcard');

INSERT INTO JUGADORESEQUIPOS(IDJUGADOR, IDEQUIPO, SUELDO, FECHAINICIO, CLAUSULA)
VALUES ((SELECT ID
         FROM PERSONAS
         WHERE UPPER(DNI) = '12121212R'),
         (SELECT ID 
          FROM EQUIPOS
          WHERE UPPER(NOMBRE)='RAYO DE BARCELONA'), 10000000, SYSDATE, 15000000);

--------------------------------------------------------------------------------

INSERT INTO PERSONAS (DNI, NOMBRE, APELLIDO)
VALUES ('13131313R', 'LLUC', 'RIERA');

INSERT INTO JUGADORES (ID, POSICION, NUMDRAFT, TIPO)
VALUES ((SELECT ID
         FROM PERSONAS
         WHERE UPPER(DNI) = '13131313R')
         ,'DELANTERO', 168, 'draft');

INSERT INTO JUGADORESEQUIPOS(IDJUGADOR, IDEQUIPO, SUELDO, FECHAINICIO, CLAUSULA)
VALUES ((SELECT ID
         FROM PERSONAS
         WHERE UPPER(DNI) = '13131313R'),
         (SELECT ID 
          FROM EQUIPOS
          WHERE UPPER(NOMBRE)='RAYO DE BARCELONA'), 10000000, SYSDATE, 15000000);

--------------------------------------------------------------------------------

INSERT INTO PERSONAS (DNI, NOMBRE, APELLIDO)
VALUES ('14141414R', 'EDGAR', 'ALVARO');

INSERT INTO JUGADORES (ID, POSICION, NUMDRAFT, TIPO)
VALUES ((SELECT ID
         FROM PERSONAS
         WHERE UPPER(DNI) = '14141414R')
         ,'DELANTERO', 011, 'draft');

INSERT INTO JUGADORESEQUIPOS(IDJUGADOR, IDEQUIPO, SUELDO, FECHAINICIO, CLAUSULA)
VALUES ((SELECT ID
         FROM PERSONAS
         WHERE UPPER(DNI) = '14141414R'),
         (SELECT ID 
          FROM EQUIPOS
          WHERE UPPER(NOMBRE)='RAYO DE BARCELONA'), 10000000, SYSDATE, 15000000);

--------------------------------------------------------------------------------

INSERT INTO PERSONAS (DNI, NOMBRE, APELLIDO)
VALUES ('15151515R', 'ADRIÁ', 'CASTRO');

INSERT INTO JUGADORES (ID, POSICION, NUMDRAFT, TIPO)
VALUES ((SELECT ID
         FROM PERSONAS
         WHERE UPPER(DNI) = '15151515R')
         ,'DELANTERO', 072, 'draft');

INSERT INTO JUGADORESEQUIPOS(IDJUGADOR, IDEQUIPO, SUELDO, FECHAINICIO, CLAUSULA)
VALUES ((SELECT ID
         FROM PERSONAS
         WHERE UPPER(DNI) = '15151515R'),
         (SELECT ID 
          FROM EQUIPOS
          WHERE UPPER(NOMBRE)='RAYO DE BARCELONA'), 10000000, SYSDATE, 15000000);

--------------------------------------------------------------------------------

INSERT INTO PERSONAS (DNI, NOMBRE, APELLIDO)
VALUES ('16161616R', 'JOSE', 'BLANCO');

INSERT INTO JUGADORES (ID, POSICION, NUMDRAFT, TIPO)
VALUES ((SELECT ID
         FROM PERSONAS
         WHERE UPPER(DNI) = '16161616R')
         ,'DELANTERO', 071, 'draft');

INSERT INTO JUGADORESEQUIPOS(IDJUGADOR, IDEQUIPO, SUELDO, FECHAINICIO, CLAUSULA)
VALUES ((SELECT ID
         FROM PERSONAS
         WHERE UPPER(DNI) = '16161616R'),
         (SELECT ID 
          FROM EQUIPOS
          WHERE UPPER(NOMBRE)='RAYO DE BARCELONA'), 10000000, SYSDATE, 15000000);

--------------------------------------------------------------------------------

INSERT INTO PERSONAS (DNI, NOMBRE, APELLIDO)
VALUES ('17171717R', 'STEVEN', 'RODRIGUEZ');

INSERT INTO JUGADORES (ID, POSICION, NUMDRAFT, TIPO)
VALUES ((SELECT ID
         FROM PERSONAS
         WHERE UPPER(DNI) = '17171717R')
         ,'DELANTERO', 012, 'draft');

INSERT INTO JUGADORESEQUIPOS(IDJUGADOR, IDEQUIPO, SUELDO, FECHAINICIO, CLAUSULA)
VALUES ((SELECT ID
         FROM PERSONAS
         WHERE UPPER(DNI) = '17171717R'),
         (SELECT ID 
          FROM EQUIPOS
          WHERE UPPER(NOMBRE)='RAYO DE BARCELONA'), 10000000, SYSDATE, 15000000);

--------------------------------------------------------------------------------

--------------------------------------------------------------------------------
/******************************************************************************/
--------------------------------------------------------------------------------

/* EL BARRIO */

-- DUEÑO --

INSERT INTO PERSONAS (DNI, NOMBRE, APELLIDO) 
VALUES ('11111111E','ADRI','CONTRERAS');

INSERT INTO DUENYOS (ID)
VALUES ((SELECT ID 
         FROM PERSONAS 
         WHERE UPPER(DNI) = '11111111E'));

-- EQUIPO --

INSERT INTO EQUIPOS (NOMBRE, PRESUPUESTO, SPONSOR,IDDUENYO ) 
VALUES ('EL BARRIO', 200000000, 'TIK TOK'
		,(SELECT ID 
          FROM PERSONAS 
          WHERE UPPER(DNI) = '11111111E'));
        
-- ENTRENADOR --

INSERT INTO PERSONAS (DNI, NOMBRE, APELLIDO)
VALUES ('22222222E','JUAN', 'ARROITA');

INSERT INTO ENTRENADORES (ID)
VALUES ((SELECT ID 
         FROM PERSONAS 
         WHERE UPPER(DNI) = '22222222E'));
                           
INSERT INTO ENTRENADOREQUIPOS (IDENTRENADOR, IDEQUIPO, SUELDO, FECHAINICIO)
VALUES((SELECT ID 
        FROM PERSONAS 
        WHERE UPPER(DNI) = '22222222E'),
        (SELECT ID 
         FROM EQUIPOS
         WHERE UPPER(NOMBRE)='EL BARRIO'),
5000, SYSDATE);

-- ASISTENTE --

INSERT INTO PERSONAS (DNI, NOMBRE, APELLIDO)
VALUES ('33333333E', 'MARTIN', 'LARSSON');

INSERT INTO ASISTENTES (ID)
VALUES ((SELECT ID 
         FROM PERSONAS 
         WHERE UPPER(DNI) = '33333333E'));

INSERT INTO ASISTENTEEQUIPOS (IDASISTENTE, IDEQUIPO, SUELDO, FECHAINICIO)
VALUES((SELECT ID 
        FROM PERSONAS 
        WHERE UPPER(DNI)='33333333E'),
        (SELECT ID 
         FROM EQUIPOS
         WHERE UPPER(NOMBRE)='EL BARRIO'), 5000, SYSDATE);

-- JUGADORES --

INSERT INTO PERSONAS (DNI, NOMBRE, APELLIDO)
VALUES ('44444444E', 'SERGI', 'AGUILAR');

INSERT INTO JUGADORES (ID, POSICION, NUMDRAFT, TIPO)
VALUES ((SELECT ID
         FROM PERSONAS
         WHERE UPPER(DNI) = '44444444E')
         ,'PORTERO', 059, 'draft');

INSERT INTO JUGADORESEQUIPOS(IDJUGADOR, IDEQUIPO, SUELDO, FECHAINICIO, CLAUSULA)
VALUES ((SELECT ID
         FROM PERSONAS
         WHERE UPPER(DNI) = '44444444E'),
         (SELECT ID 
          FROM EQUIPOS
          WHERE UPPER(NOMBRE)='EL BARRIO'), 10000000, SYSDATE, 15000000);

--------------------------------------------------------------------------------

INSERT INTO PERSONAS (DNI, NOMBRE, APELLIDO)
VALUES ('55555555E', 'IVÁN', 'FAJARDO');

INSERT INTO JUGADORES (ID, POSICION, NUMDRAFT, TIPO)
VALUES ((SELECT ID
         FROM PERSONAS
         WHERE UPPER(DNI) = '55555555E')
         ,'PORTERO', 030, 'draft');

INSERT INTO JUGADORESEQUIPOS(IDJUGADOR, IDEQUIPO, SUELDO, FECHAINICIO, CLAUSULA)
VALUES ((SELECT ID
         FROM PERSONAS
         WHERE UPPER(DNI) = '55555555E'),
         (SELECT ID 
          FROM EQUIPOS
          WHERE UPPER(NOMBRE)='EL BARRIO'), 10000000, SYSDATE, 15000000);

--------------------------------------------------------------------------------

INSERT INTO PERSONAS (DNI, NOMBRE, APELLIDO)
VALUES ('66666666E', 'SERGI', 'AGUILAR');

INSERT INTO JUGADORES (ID, POSICION, NUMDRAFT, TIPO)
VALUES ((SELECT ID
         FROM PERSONAS
         WHERE UPPER(DNI) = '66666666E')
         ,'DEFENSA', 004, 'draft');

INSERT INTO JUGADORESEQUIPOS(IDJUGADOR, IDEQUIPO, SUELDO, FECHAINICIO, CLAUSULA)
VALUES ((SELECT ID
         FROM PERSONAS
         WHERE UPPER(DNI) = '66666666E'),
         (SELECT ID 
          FROM EQUIPOS
          WHERE UPPER(NOMBRE)='EL BARRIO'), 10000000, SYSDATE, 15000000);

--------------------------------------------------------------------------------

INSERT INTO PERSONAS (DNI, NOMBRE, APELLIDO)
VALUES ('77777777E', 'MARTIN', 'MANTOVANI');

INSERT INTO JUGADORES (ID, POSICION, NUMDRAFT, TIPO)
VALUES ((SELECT ID
         FROM PERSONAS
         WHERE UPPER(DNI) = '77777777E')
         ,'DEFENSA', NULL, 'wildcard');

INSERT INTO JUGADORESEQUIPOS(IDJUGADOR, IDEQUIPO, SUELDO, FECHAINICIO, CLAUSULA)
VALUES ((SELECT ID
         FROM PERSONAS
         WHERE UPPER(DNI) = '77777777E'),
         (SELECT ID 
          FROM EQUIPOS
          WHERE UPPER(NOMBRE)='EL BARRIO'), 10000000, SYSDATE, 15000000);

--------------------------------------------------------------------------------

INSERT INTO PERSONAS (DNI, NOMBRE, APELLIDO)
VALUES ('88888888E', 'NICOLÁS', 'PAREJA');

INSERT INTO JUGADORES (ID, POSICION, NUMDRAFT, TIPO)
VALUES ((SELECT ID
         FROM PERSONAS
         WHERE UPPER(DNI) = '88888888E')
         ,'DEFENSA', NULL, 'wildcard');

INSERT INTO JUGADORESEQUIPOS(IDJUGADOR, IDEQUIPO, SUELDO, FECHAINICIO, CLAUSULA)
VALUES ((SELECT ID
         FROM PERSONAS
         WHERE UPPER(DNI) = '88888888E'),
         (SELECT ID 
          FROM EQUIPOS
          WHERE UPPER(NOMBRE)='EL BARRIO'), 10000000, SYSDATE, 15000000);

--------------------------------------------------------------------------------

INSERT INTO PERSONAS (DNI, NOMBRE, APELLIDO)
VALUES ('99999999E', 'GILLES', 'VIDAL');

INSERT INTO JUGADORES (ID, POSICION, NUMDRAFT, TIPO)
VALUES ((SELECT ID
         FROM PERSONAS
         WHERE UPPER(DNI) = '99999999E')
         ,'MEDIO', 067, 'draft');

INSERT INTO JUGADORESEQUIPOS(IDJUGADOR, IDEQUIPO, SUELDO, FECHAINICIO, CLAUSULA)
VALUES ((SELECT ID
         FROM PERSONAS
         WHERE UPPER(DNI) = '99999999E'),
         (SELECT ID 
          FROM EQUIPOS
          WHERE UPPER(NOMBRE)='EL BARRIO'), 10000000, SYSDATE, 15000000);

--------------------------------------------------------------------------------

INSERT INTO PERSONAS (DNI, NOMBRE, APELLIDO)
VALUES ('10101010E', 'BERNAT', 'JUAREZ');

INSERT INTO JUGADORES (ID, POSICION, NUMDRAFT, TIPO)
VALUES ((SELECT ID
         FROM PERSONAS
         WHERE UPPER(DNI) = '10101010E')
         ,'MEDIO', 038, 'draft');

INSERT INTO JUGADORESEQUIPOS(IDJUGADOR, IDEQUIPO, SUELDO, FECHAINICIO, CLAUSULA)
VALUES ((SELECT ID
         FROM PERSONAS
         WHERE UPPER(DNI) = '10101010E'),
         (SELECT ID 
          FROM EQUIPOS
          WHERE UPPER(NOMBRE)='EL BARRIO'), 10000000, SYSDATE, 15000000);

--------------------------------------------------------------------------------

INSERT INTO PERSONAS (DNI, NOMBRE, APELLIDO)
VALUES ('12121212E', 'ÁLVARO', 'GARCÍA');

INSERT INTO JUGADORES (ID, POSICION, NUMDRAFT, TIPO)
VALUES ((SELECT ID
         FROM PERSONAS
         WHERE UPPER(DNI) = '12121212E')
         ,'MEDIO', 021, 'draft');

INSERT INTO JUGADORESEQUIPOS(IDJUGADOR, IDEQUIPO, SUELDO, FECHAINICIO, CLAUSULA)
VALUES ((SELECT ID
         FROM PERSONAS
         WHERE UPPER(DNI) = '12121212E'),
         (SELECT ID 
          FROM EQUIPOS
          WHERE UPPER(NOMBRE)='EL BARRIO'), 10000000, SYSDATE, 15000000);

--------------------------------------------------------------------------------

INSERT INTO PERSONAS (DNI, NOMBRE, APELLIDO)
VALUES ('13131313E', 'PAU', 'FERNANDEZ');

INSERT INTO JUGADORES (ID, POSICION, NUMDRAFT, TIPO)
VALUES ((SELECT ID
         FROM PERSONAS
         WHERE UPPER(DNI) = '13131313E')
         ,'MEDIO', 160, 'draft');

INSERT INTO JUGADORESEQUIPOS(IDJUGADOR, IDEQUIPO, SUELDO, FECHAINICIO, CLAUSULA)
VALUES ((SELECT ID
         FROM PERSONAS
         WHERE UPPER(DNI) = '13131313E'),
         (SELECT ID 
          FROM EQUIPOS
          WHERE UPPER(NOMBRE)='EL BARRIO'), 10000000, SYSDATE, 15000000);

--------------------------------------------------------------------------------

INSERT INTO PERSONAS (DNI, NOMBRE, APELLIDO)
VALUES ('14141414E', 'JAVIER', 'CAPILLA');

INSERT INTO JUGADORES (ID, POSICION, NUMDRAFT, TIPO)
VALUES ((SELECT ID
         FROM PERSONAS
         WHERE UPPER(DNI) = '14141414E')
         ,'MEDIO', 152, 'draft');

INSERT INTO JUGADORESEQUIPOS(IDJUGADOR, IDEQUIPO, SUELDO, FECHAINICIO, CLAUSULA)
VALUES ((SELECT ID
         FROM PERSONAS
         WHERE UPPER(DNI) = '14141414E'),
         (SELECT ID 
          FROM EQUIPOS
          WHERE UPPER(NOMBRE)='EL BARRIO'), 10000000, SYSDATE, 15000000);

--------------------------------------------------------------------------------

INSERT INTO PERSONAS (DNI, NOMBRE, APELLIDO)
VALUES ('15151515E', 'MARINO', 'GÓMEZ');

INSERT INTO JUGADORES (ID, POSICION, NUMDRAFT, TIPO)
VALUES ((SELECT ID
         FROM PERSONAS
         WHERE UPPER(DNI) = '15151515E')
         ,'DELANTERO', 040, 'draft');

INSERT INTO JUGADORESEQUIPOS(IDJUGADOR, IDEQUIPO, SUELDO, FECHAINICIO, CLAUSULA)
VALUES ((SELECT ID
         FROM PERSONAS
         WHERE UPPER(DNI) = '15151515E'),
         (SELECT ID 
          FROM EQUIPOS
          WHERE UPPER(NOMBRE)='EL BARRIO'), 10000000, SYSDATE, 15000000);

--------------------------------------------------------------------------------

INSERT INTO PERSONAS (DNI, NOMBRE, APELLIDO)
VALUES ('16161616E', 'CARLOS', 'TORRENTBÓ');

INSERT INTO JUGADORES (ID, POSICION, NUMDRAFT, TIPO)
VALUES ((SELECT ID
         FROM PERSONAS
         WHERE UPPER(DNI) = '16161616E')
         ,'DELANTERO', 189, 'draft');

INSERT INTO JUGADORESEQUIPOS(IDJUGADOR, IDEQUIPO, SUELDO, FECHAINICIO, CLAUSULA)
VALUES ((SELECT ID
         FROM PERSONAS
         WHERE UPPER(DNI) = '16161616E'),
         (SELECT ID 
          FROM EQUIPOS
          WHERE UPPER(NOMBRE)='EL BARRIO'), 10000000, SYSDATE, 15000000);

--------------------------------------------------------------------------------

INSERT INTO PERSONAS (DNI, NOMBRE, APELLIDO)
VALUES ('17171717E', 'KILIAN', 'HONORATO');

INSERT INTO JUGADORES (ID, POSICION, NUMDRAFT, TIPO)
VALUES ((SELECT ID
         FROM PERSONAS
         WHERE UPPER(DNI) = '17171717E')
         ,'DELANTERO', 028, 'draft');

INSERT INTO JUGADORESEQUIPOS(IDJUGADOR, IDEQUIPO, SUELDO, FECHAINICIO, CLAUSULA)
VALUES ((SELECT ID
         FROM PERSONAS
         WHERE UPPER(DNI) = '17171717E'),
         (SELECT ID 
          FROM EQUIPOS
          WHERE UPPER(NOMBRE)='EL BARRIO'), 10000000, SYSDATE, 15000000);

--------------------------------------------------------------------------------

--------------------------------------------------------------------------------
/******************************************************************************/
--------------------------------------------------------------------------------

/* SAIYANS FC */

-- DUEÑO --

INSERT INTO PERSONAS (DNI, NOMBRE, APELLIDO) 
VALUES ('11111111S','DAVID','CÁNOVAS');

INSERT INTO DUENYOS (ID)
VALUES ((SELECT ID 
         FROM PERSONAS 
         WHERE UPPER(DNI) = '11111111S'));

-- EQUIPO --
		  
INSERT INTO EQUIPOS (NOMBRE, PRESUPUESTO, SPONSOR, IDDUENYO ) 
VALUES ('SAIYANS FC', 200000000, 'FORTNITE'
		,(SELECT ID 
          FROM PERSONAS 
          WHERE UPPER(DNI) = '11111111S')););
        
-- ENTRENADOR --

INSERT INTO PERSONAS (DNI, NOMBRE, APELLIDO)
VALUES ('22222222S','DANIEL', 'ROMO');

INSERT INTO ENTRENADORES (ID)
VALUES ((SELECT ID 
         FROM PERSONAS 
         WHERE UPPER(DNI) = '22222222S'));
                           
INSERT INTO ENTRENADOREQUIPOS (IDENTRENADOR, IDEQUIPO, SUELDO, FECHAINICIO)
VALUES((SELECT ID 
        FROM PERSONAS 
        WHERE UPPER(DNI) = '22222222S'),
        (SELECT ID 
         FROM EQUIPOS
         WHERE UPPER(NOMBRE)='SAIYANS FC'),
5000, SYSDATE);

-- ASISTENTE --

INSERT INTO PERSONAS (DNI, NOMBRE, APELLIDO)
VALUES ('33333333S', 'ENRIQUE', 'CEDENO');

INSERT INTO ASISTENTES (ID)
VALUES ((SELECT ID 
         FROM PERSONAS 
         WHERE UPPER(DNI) = '33333333S'));

INSERT INTO ASISTENTEEQUIPOS (IDASISTENTE, IDEQUIPO, SUELDO, FECHAINICIO)
VALUES((SELECT ID 
        FROM PERSONAS 
        WHERE UPPER(DNI)='33333333S'),
        (SELECT ID 
         FROM EQUIPOS
         WHERE UPPER(NOMBRE)='SAIYANS FC'), 5000, SYSDATE);

-- JUGADORES --

INSERT INTO PERSONAS (DNI, NOMBRE, APELLIDO)
VALUES ('44444444S', 'DANIEL', 'PEREZ');

INSERT INTO JUGADORES (ID, POSICION, NUMDRAFT, TIPO)
VALUES ((SELECT ID
         FROM PERSONAS
         WHERE UPPER(DNI) = '44444444S')
         ,'PORTERO', 110, 'draft');

INSERT INTO JUGADORESEQUIPOS(IDJUGADOR, IDEQUIPO, SUELDO, FECHAINICIO, CLAUSULA)
VALUES ((SELECT ID
         FROM PERSONAS
         WHERE UPPER(DNI) = '44444444S'),
         (SELECT ID 
          FROM EQUIPOS
          WHERE UPPER(NOMBRE)='SAIYANS FC'), 10000000, SYSDATE, 15000000);

--------------------------------------------------------------------------------

INSERT INTO PERSONAS (DNI, NOMBRE, APELLIDO)
VALUES ('55555555S', 'ROMAN', 'ALEGRE');

INSERT INTO JUGADORES (ID, POSICION, NUMDRAFT, TIPO)
VALUES ((SELECT ID
         FROM PERSONAS
         WHERE UPPER(DNI) = '55555555S')
         ,'DEFENSA', 018, 'draft');

INSERT INTO JUGADORESEQUIPOS(IDJUGADOR, IDEQUIPO, SUELDO, FECHAINICIO, CLAUSULA)
VALUES ((SELECT ID
         FROM PERSONAS
         WHERE UPPER(DNI) = '55555555S'),
         (SELECT ID 
          FROM EQUIPOS
          WHERE UPPER(NOMBRE)='SAIYANS FC'), 10000000, SYSDATE, 15000000);

--------------------------------------------------------------------------------

INSERT INTO PERSONAS (DNI, NOMBRE, APELLIDO)
VALUES ('66666666S', 'JADIR', 'CIRERA');

INSERT INTO JUGADORES (ID, POSICION, NUMDRAFT, TIPO)
VALUES ((SELECT ID
         FROM PERSONAS
         WHERE UPPER(DNI) = '66666666S')
         ,'DEFENSA', 020, 'draft');

INSERT INTO JUGADORESEQUIPOS(IDJUGADOR, IDEQUIPO, SUELDO, FECHAINICIO, CLAUSULA)
VALUES ((SELECT ID
         FROM PERSONAS
         WHERE UPPER(DNI) = '66666666S'),
         (SELECT ID 
          FROM EQUIPOS
          WHERE UPPER(NOMBRE)='SAIYANS FC'), 10000000, SYSDATE, 15000000);

--------------------------------------------------------------------------------

INSERT INTO PERSONAS (DNI, NOMBRE, APELLIDO)
VALUES ('77777777S', 'MARC', 'GALVANY');

INSERT INTO JUGADORES (ID, POSICION, NUMDRAFT, TIPO)
VALUES ((SELECT ID
         FROM PERSONAS
         WHERE UPPER(DNI) = '77777777S')
         ,'MEDIO', 066, 'draft');

INSERT INTO JUGADORESEQUIPOS(IDJUGADOR, IDEQUIPO, SUELDO, FECHAINICIO, CLAUSULA)
VALUES ((SELECT ID
         FROM PERSONAS
         WHERE UPPER(DNI) = '77777777S'),
         (SELECT ID 
          FROM EQUIPOS
          WHERE UPPER(NOMBRE)='SAIYANS FC'), 10000000, SYSDATE, 15000000);

--------------------------------------------------------------------------------

INSERT INTO PERSONAS (DNI, NOMBRE, APELLIDO)
VALUES ('88888888S', 'ALEIX', 'LAGE');

INSERT INTO JUGADORES (ID, POSICION, NUMDRAFT, TIPO)
VALUES ((SELECT ID
         FROM PERSONAS
         WHERE UPPER(DNI) = '88888888S')
         ,'MEDIO', 199, 'draft');

INSERT INTO JUGADORESEQUIPOS(IDJUGADOR, IDEQUIPO, SUELDO, FECHAINICIO, CLAUSULA)
VALUES ((SELECT ID
         FROM PERSONAS
         WHERE UPPER(DNI) = '88888888S'),
         (SELECT ID 
          FROM EQUIPOS
          WHERE UPPER(NOMBRE)='SAIYANS FC'), 10000000, SYSDATE, 15000000);

--------------------------------------------------------------------------------

INSERT INTO PERSONAS (DNI, NOMBRE, APELLIDO)
VALUES ('99999999S', 'LUCCA', 'RIBEIRO');

INSERT INTO JUGADORES (ID, POSICION, NUMDRAFT, TIPO)
VALUES ((SELECT ID
         FROM PERSONAS
         WHERE UPPER(DNI) = '99999999S')
         ,'MEDIO', 037, 'draft');

INSERT INTO JUGADORESEQUIPOS(IDJUGADOR, IDEQUIPO, SUELDO, FECHAINICIO, CLAUSULA)
VALUES ((SELECT ID
         FROM PERSONAS
         WHERE UPPER(DNI) = '99999999S'),
         (SELECT ID 
          FROM EQUIPOS
          WHERE UPPER(NOMBRE)='SAIYANS FC'), 10000000, SYSDATE, 15000000);

--------------------------------------------------------------------------------

INSERT INTO PERSONAS (DNI, NOMBRE, APELLIDO)
VALUES ('10101010S', 'ROGER', 'BONET');

INSERT INTO JUGADORES (ID, POSICION, NUMDRAFT, TIPO)
VALUES ((SELECT ID
         FROM PERSONAS
         WHERE UPPER(DNI) = '10101010S')
         ,'MEDIO', 213, 'draft');

INSERT INTO JUGADORESEQUIPOS(IDJUGADOR, IDEQUIPO, SUELDO, FECHAINICIO, CLAUSULA)
VALUES ((SELECT ID
         FROM PERSONAS
         WHERE UPPER(DNI) = '10101010S'),
         (SELECT ID 
          FROM EQUIPOS
          WHERE UPPER(NOMBRE)='SAIYANS FC'), 10000000, SYSDATE, 15000000);

--------------------------------------------------------------------------------

INSERT INTO PERSONAS (DNI, NOMBRE, APELLIDO)
VALUES ('12121212S', 'ORIOL', 'BOADA');

INSERT INTO JUGADORES (ID, POSICION, NUMDRAFT, TIPO)
VALUES ((SELECT ID
         FROM PERSONAS
         WHERE UPPER(DNI) = '12121212S')
         ,'DELANTERO', 207, 'draft');

INSERT INTO JUGADORESEQUIPOS(IDJUGADOR, IDEQUIPO, SUELDO, FECHAINICIO, CLAUSULA)
VALUES ((SELECT ID
         FROM PERSONAS
         WHERE UPPER(DNI) = '12121212S'),
         (SELECT ID 
          FROM EQUIPOS
          WHERE UPPER(NOMBRE)='SAIYANS FC'), 10000000, SYSDATE, 15000000);

--------------------------------------------------------------------------------

INSERT INTO PERSONAS (DNI, NOMBRE, APELLIDO)
VALUES ('13131313S', 'JOAN', 'POCH');

INSERT INTO JUGADORES (ID, POSICION, NUMDRAFT, TIPO)
VALUES ((SELECT ID
         FROM PERSONAS
         WHERE UPPER(DNI) = '13131313S')
         ,'DELANTERO', 025, 'draft');

INSERT INTO JUGADORESEQUIPOS(IDJUGADOR, IDEQUIPO, SUELDO, FECHAINICIO, CLAUSULA)
VALUES ((SELECT ID
         FROM PERSONAS
         WHERE UPPER(DNI) = '13131313S'),
         (SELECT ID 
          FROM EQUIPOS
          WHERE UPPER(NOMBRE)='SAIYANS FC'), 10000000, SYSDATE, 15000000);

--------------------------------------------------------------------------------

INSERT INTO PERSONAS (DNI, NOMBRE, APELLIDO)
VALUES ('14141414S', 'LLOREN', 'GENESCA');

INSERT INTO JUGADORES (ID, POSICION, NUMDRAFT, TIPO)
VALUES ((SELECT ID
         FROM PERSONAS
         WHERE UPPER(DNI) = '14141414S')
         ,'DELANTERO', 132, 'draft');

INSERT INTO JUGADORESEQUIPOS(IDJUGADOR, IDEQUIPO, SUELDO, FECHAINICIO, CLAUSULA)
VALUES ((SELECT ID
         FROM PERSONAS
         WHERE UPPER(DNI) = '14141414S'),
         (SELECT ID 
          FROM EQUIPOS
          WHERE UPPER(NOMBRE)='SAIYANS FC'), 10000000, SYSDATE, 15000000);

--------------------------------------------------------------------------------

--------------------------------------------------------------------------------
/******************************************************************************/
--------------------------------------------------------------------------------

/* PIO FC */

-- DUEÑO --

INSERT INTO PERSONAS (DNI, NOMBRE, APELLIDO) 
VALUES ('11111111I','SAMY','RIVERA');

INSERT INTO DUENYOS (ID)
VALUES ((SELECT ID 
         FROM PERSONAS 
         WHERE UPPER(DNI) = '11111111I'));

-- EQUIPO --
		  
INSERT INTO EQUIPOS (NOMBRE, PRESUPUESTO, SPONSOR,IDDUENYO ) 
VALUES ('PIO FC', 200000000, 'TACO BELL'
		,(SELECT ID 
          FROM PERSONAS 
          WHERE UPPER(DNI) = '11111111I'));
        
-- ENTRENADOR --

INSERT INTO PERSONAS (DNI, NOMBRE, APELLIDO)
VALUES ('22222222I','GERARDO', 'TORRADO');

INSERT INTO ENTRENADORES (ID)
VALUES ((SELECT ID 
         FROM PERSONAS 
         WHERE UPPER(DNI) = '22222222I'));
                           
INSERT INTO ENTRENADOREQUIPOS (IDENTRENADOR, IDEQUIPO, SUELDO, FECHAINICIO)
VALUES((SELECT ID 
        FROM PERSONAS 
        WHERE UPPER(DNI) = '22222222I'),
        (SELECT ID 
         FROM EQUIPOS
         WHERE UPPER(NOMBRE)='PIO FC'),
5000, SYSDATE);

-- ASISTENTE --

INSERT INTO PERSONAS (DNI, NOMBRE, APELLIDO)
VALUES ('33333333I', 'ZINEDINE', 'ZIDANE');

INSERT INTO ASISTENTES (ID)
VALUES ((SELECT ID 
         FROM PERSONAS 
         WHERE UPPER(DNI) = '33333333I'));

INSERT INTO ASISTENTEEQUIPOS (IDASISTENTE, IDEQUIPO, SUELDO, FECHAINICIO)
VALUES((SELECT ID 
        FROM PERSONAS 
        WHERE UPPER(DNI)='33333333I'),
        (SELECT ID 
         FROM EQUIPOS
         WHERE UPPER(NOMBRE)='PIO FC'), 5000, SYSDATE);

-- JUGADORES --

INSERT INTO PERSONAS (DNI, NOMBRE, APELLIDO)
VALUES ('44444444I', 'JORGE', 'IBAÑEZ');

INSERT INTO JUGADORES (ID, POSICION, NUMDRAFT, TIPO)
VALUES ((SELECT ID
         FROM PERSONAS
         WHERE UPPER(DNI) = '44444444I')
         ,'PORTERO', 090, 'draft');

INSERT INTO JUGADORESEQUIPOS(IDJUGADOR, IDEQUIPO, SUELDO, FECHAINICIO, CLAUSULA)
VALUES ((SELECT ID
         FROM PERSONAS
         WHERE UPPER(DNI) = '44444444I'),
         (SELECT ID 
          FROM EQUIPOS
          WHERE UPPER(NOMBRE)='PIO FC'), 10000000, SYSDATE, 15000000);

--------------------------------------------------------------------------------

INSERT INTO PERSONAS (DNI, NOMBRE, APELLIDO)
VALUES ('55555555I', 'VICTOR', 'TORRES');

INSERT INTO JUGADORES (ID, POSICION, NUMDRAFT, TIPO)
VALUES ((SELECT ID
         FROM PERSONAS
         WHERE UPPER(DNI) = '55555555I')
         ,'DEFENSA', 078, 'draft');

INSERT INTO JUGADORESEQUIPOS(IDJUGADOR, IDEQUIPO, SUELDO, FECHAINICIO, CLAUSULA)
VALUES ((SELECT ID
         FROM PERSONAS
         WHERE UPPER(DNI) = '55555555I'),
         (SELECT ID 
          FROM EQUIPOS
          WHERE UPPER(NOMBRE)='PIO FC'), 10000000, SYSDATE, 15000000);

--------------------------------------------------------------------------------

INSERT INTO PERSONAS (DNI, NOMBRE, APELLIDO)
VALUES ('66666666I', 'ALBERTO', 'LOPO');

INSERT INTO JUGADORES (ID, POSICION, NUMDRAFT, TIPO)
VALUES ((SELECT ID
         FROM PERSONAS
         WHERE UPPER(DNI) = '66666666I')
         ,'DEFENSA', NULL, 'wildcard');

INSERT INTO JUGADORESEQUIPOS(IDJUGADOR, IDEQUIPO, SUELDO, FECHAINICIO, CLAUSULA)
VALUES ((SELECT ID
         FROM PERSONAS
         WHERE UPPER(DNI) = '66666666I'),
         (SELECT ID 
          FROM EQUIPOS
          WHERE UPPER(NOMBRE)='PIO FC'), 10000000, SYSDATE, 15000000);

--------------------------------------------------------------------------------

INSERT INTO PERSONAS (DNI, NOMBRE, APELLIDO)
VALUES ('77777777I', 'ANDREW', 'TURNER');

INSERT INTO JUGADORES (ID, POSICION, NUMDRAFT, TIPO)
VALUES ((SELECT ID
         FROM PERSONAS
         WHERE UPPER(DNI) = '77777777I')
         ,'DEFENSA', 106, 'draft');

INSERT INTO JUGADORESEQUIPOS(IDJUGADOR, IDEQUIPO, SUELDO, FECHAINICIO, CLAUSULA)
VALUES ((SELECT ID
         FROM PERSONAS
         WHERE UPPER(DNI) = '77777777I'),
         (SELECT ID 
          FROM EQUIPOS
          WHERE UPPER(NOMBRE)='PIO FC'), 10000000, SYSDATE, 15000000);

--------------------------------------------------------------------------------

INSERT INTO PERSONAS (DNI, NOMBRE, APELLIDO)
VALUES ('88888888I', 'AARON', 'ROPERO');

INSERT INTO JUGADORES (ID, POSICION, NUMDRAFT, TIPO)
VALUES ((SELECT ID
         FROM PERSONAS
         WHERE UPPER(DNI) = '88888888I')
         ,'DEFENSA', 211, 'draft');

INSERT INTO JUGADORESEQUIPOS(IDJUGADOR, IDEQUIPO, SUELDO, FECHAINICIO, CLAUSULA)
VALUES ((SELECT ID
         FROM PERSONAS
         WHERE UPPER(DNI) = '88888888I'),
         (SELECT ID 
          FROM EQUIPOS
          WHERE UPPER(NOMBRE)='PIO FC'), 10000000, SYSDATE, 15000000);

--------------------------------------------------------------------------------

INSERT INTO PERSONAS (DNI, NOMBRE, APELLIDO)
VALUES ('99999999I', 'OSCAR', 'RIVERO');

INSERT INTO JUGADORES (ID, POSICION, NUMDRAFT, TIPO)
VALUES ((SELECT ID
         FROM PERSONAS
         WHERE UPPER(DNI) = '99999999I')
         ,'MEDIO', 184, 'draft');

INSERT INTO JUGADORESEQUIPOS(IDJUGADOR, IDEQUIPO, SUELDO, FECHAINICIO, CLAUSULA)
VALUES ((SELECT ID
         FROM PERSONAS
         WHERE UPPER(DNI) = '99999999I'),
         (SELECT ID 
          FROM EQUIPOS
          WHERE UPPER(NOMBRE)='PIO FC'), 10000000, SYSDATE, 15000000);

--------------------------------------------------------------------------------

INSERT INTO PERSONAS (DNI, NOMBRE, APELLIDO)
VALUES ('10101010I', 'MARC', 'PLUVINS');

INSERT INTO JUGADORES (ID, POSICION, NUMDRAFT, TIPO)
VALUES ((SELECT ID
         FROM PERSONAS
         WHERE UPPER(DNI) = '10101010I')
         ,'MEDIO', 123, 'draft');

INSERT INTO JUGADORESEQUIPOS(IDJUGADOR, IDEQUIPO, SUELDO, FECHAINICIO, CLAUSULA)
VALUES ((SELECT ID
         FROM PERSONAS
         WHERE UPPER(DNI) = '10101010I'),
         (SELECT ID 
          FROM EQUIPOS
          WHERE UPPER(NOMBRE)='PIO FC'), 10000000, SYSDATE, 15000000);

--------------------------------------------------------------------------------

INSERT INTO PERSONAS (DNI, NOMBRE, APELLIDO)
VALUES ('12121212I', 'CARLOS', 'CORVO');

INSERT INTO JUGADORES (ID, POSICION, NUMDRAFT, TIPO)
VALUES ((SELECT ID
         FROM PERSONAS
         WHERE UPPER(DNI) = '12121212I')
         ,'MEDIO', NULL, 'wildcard');

INSERT INTO JUGADORESEQUIPOS(IDJUGADOR, IDEQUIPO, SUELDO, FECHAINICIO, CLAUSULA)
VALUES ((SELECT ID
         FROM PERSONAS
         WHERE UPPER(DNI) = '12121212I'),
         (SELECT ID 
          FROM EQUIPOS
          WHERE UPPER(NOMBRE)='PIO FC'), 10000000, SYSDATE, 15000000);

--------------------------------------------------------------------------------

INSERT INTO PERSONAS (DNI, NOMBRE, APELLIDO)
VALUES ('13131313I', 'ALEJANDO', 'GARCIA');

INSERT INTO JUGADORES (ID, POSICION, NUMDRAFT, TIPO)
VALUES ((SELECT ID
         FROM PERSONAS
         WHERE UPPER(DNI) = '13131313I')
         ,'DELANTERO', 085, 'draft');

INSERT INTO JUGADORESEQUIPOS(IDJUGADOR, IDEQUIPO, SUELDO, FECHAINICIO, CLAUSULA)
VALUES ((SELECT ID
         FROM PERSONAS
         WHERE UPPER(DNI) = '13131313I'),
         (SELECT ID 
          FROM EQUIPOS
          WHERE UPPER(NOMBRE)='PIO FC'), 10000000, SYSDATE, 15000000);

--------------------------------------------------------------------------------

INSERT INTO PERSONAS (DNI, NOMBRE, APELLIDO)
VALUES ('14141414I', 'ISMAEL', 'CABELLO');

INSERT INTO JUGADORES (ID, POSICION, NUMDRAFT, TIPO)
VALUES ((SELECT ID
         FROM PERSONAS
         WHERE UPPER(DNI) = '14141414I')
         ,'DELANTERO', 129, 'draft');

INSERT INTO JUGADORESEQUIPOS(IDJUGADOR, IDEQUIPO, SUELDO, FECHAINICIO, CLAUSULA)
VALUES ((SELECT ID
         FROM PERSONAS
         WHERE UPPER(DNI) = '14141414I'),
         (SELECT ID 
          FROM EQUIPOS
          WHERE UPPER(NOMBRE)='PIO FC'), 10000000, SYSDATE, 15000000);

--------------------------------------------------------------------------------

INSERT INTO PERSONAS (DNI, NOMBRE, APELLIDO)
VALUES ('15151515I', 'ALEJANDRO', 'RAMÍREZ');

INSERT INTO JUGADORES (ID, POSICION, NUMDRAFT, TIPO)
VALUES ((SELECT ID
         FROM PERSONAS
         WHERE UPPER(DNI) = '15151515I')
         ,'DEALNTERO', 143, 'draft');

INSERT INTO JUGADORESEQUIPOS(IDJUGADOR, IDEQUIPO, SUELDO, FECHAINICIO, CLAUSULA)
VALUES ((SELECT ID
         FROM PERSONAS
         WHERE UPPER(DNI) = '15151515I'),
         (SELECT ID 
          FROM EQUIPOS
          WHERE UPPER(NOMBRE)='PIO FC'), 10000000, SYSDATE, 15000000);


--------------------------------------------------------------------------------
/******************************************************************************/
--------------------------------------------------------------------------------

/* ANIQUILADORES FC */

-- DUEÑO --

INSERT INTO PERSONAS (DNI, NOMBRE, APELLIDO) 
VALUES ('11111111A','JUAN','GUARNIZO');

INSERT INTO DUENYOS (ID)
VALUES ((SELECT ID 
         FROM PERSONAS 
         WHERE UPPER(DNI) = '11111111A'));

-- EQUIPO --
		  
INSERT INTO EQUIPOS (NOMBRE, PRESUPUESTO, SPONSOR,IDDUENYO ) 
VALUES ('ANIQUILADORES FC', 200000000, 'SPREEN S.A'
		,(SELECT ID 
          FROM PERSONAS 
          WHERE UPPER(DNI) = '11111111A'));
        
-- ENTRENADOR --

INSERT INTO PERSONAS (DNI, NOMBRE, APELLIDO)
VALUES ('22222222A','SERGIO', 'VERDIRAME');

INSERT INTO ENTRENADORES (ID)
VALUES ((SELECT ID 
         FROM PERSONAS 
         WHERE UPPER(DNI) = '22222222A'));
                           
INSERT INTO ENTRENADOREQUIPOS (IDENTRENADOR, IDEQUIPO, SUELDO, FECHAINICIO)
VALUES((SELECT ID 
        FROM PERSONAS 
        WHERE UPPER(DNI) = '22222222A'),
        (SELECT ID 
         FROM EQUIPOS
         WHERE UPPER(NOMBRE)='ANIQUILADORES FC'),
5000, SYSDATE);

-- ASISTENTE --

INSERT INTO PERSONAS (DNI, NOMBRE, APELLIDO)
VALUES ('33333333A', 'PABLO', 'MOTOS');

INSERT INTO ASISTENTES (ID)
VALUES ((SELECT ID 
         FROM PERSONAS 
         WHERE UPPER(DNI) = '33333333A'));

INSERT INTO ASISTENTEEQUIPOS (IDASISTENTE, IDEQUIPO, SUELDO, FECHAINICIO)
VALUES((SELECT ID 
        FROM PERSONAS 
        WHERE UPPER(DNI)='33333333A'),
        (SELECT ID 
         FROM EQUIPOS
         WHERE UPPER(NOMBRE)='ANIQUILADORES FC'), 5000, SYSDATE);

-- JUGADORES --

INSERT INTO PERSONAS (DNI, NOMBRE, APELLIDO)
VALUES ('44444444A', 'POL', 'ZAPATA');

INSERT INTO JUGADORES (ID, POSICION, NUMDRAFT, TIPO)
VALUES ((SELECT ID
         FROM PERSONAS
         WHERE UPPER(DNI) = '44444444A')
         ,'PORTERO', 208, 'draft');

INSERT INTO JUGADORESEQUIPOS(IDJUGADOR, IDEQUIPO, SUELDO, FECHAINICIO, CLAUSULA)
VALUES ((SELECT ID
         FROM PERSONAS
         WHERE UPPER(DNI) = '44444444A'),
         (SELECT ID 
          FROM EQUIPOS
          WHERE UPPER(NOMBRE)='ANIQUILADORES FC'), 10000000, SYSDATE, 15000000);

--------------------------------------------------------------------------------

INSERT INTO PERSONAS (DNI, NOMBRE, APELLIDO)
VALUES ('55555555A', 'JAVIER', 'MORALES');

INSERT INTO JUGADORES (ID, POSICION, NUMDRAFT, TIPO)
VALUES ((SELECT ID
         FROM PERSONAS
         WHERE UPPER(DNI) = '55555555A')
         ,'PORTERO', 089, 'draft');

INSERT INTO JUGADORESEQUIPOS(IDJUGADOR, IDEQUIPO, SUELDO, FECHAINICIO, CLAUSULA)
VALUES ((SELECT ID
         FROM PERSONAS
         WHERE UPPER(DNI) = '55555555A'),
         (SELECT ID 
          FROM EQUIPOS
          WHERE UPPER(NOMBRE)='ANIQUILADORES FC'), 10000000, SYSDATE, 15000000);

--------------------------------------------------------------------------------

INSERT INTO PERSONAS (DNI, NOMBRE, APELLIDO)
VALUES ('66666666A', 'PAU', 'RUIZ');

INSERT INTO JUGADORES (ID, POSICION, NUMDRAFT, TIPO)
VALUES ((SELECT ID
         FROM PERSONAS
         WHERE UPPER(DNI) = '66666666A')
         ,'DEFENSA', 120, 'draft');

INSERT INTO JUGADORESEQUIPOS(IDJUGADOR, IDEQUIPO, SUELDO, FECHAINICIO, CLAUSULA)
VALUES ((SELECT ID
         FROM PERSONAS
         WHERE UPPER(DNI) = '66666666A'),
         (SELECT ID 
          FROM EQUIPOS
          WHERE UPPER(NOMBRE)='ANIQUILADORES FC'), 10000000, SYSDATE, 15000000);

--------------------------------------------------------------------------------

INSERT INTO PERSONAS (DNI, NOMBRE, APELLIDO)
VALUES ('77777777A', 'MARIO', 'REYES');

INSERT INTO JUGADORES (ID, POSICION, NUMDRAFT, TIPO)
VALUES ((SELECT ID
         FROM PERSONAS
         WHERE UPPER(DNI) = '77777777A')
         ,'DEFENSA', 063, 'draft');

INSERT INTO JUGADORESEQUIPOS(IDJUGADOR, IDEQUIPO, SUELDO, FECHAINICIO, CLAUSULA)
VALUES ((SELECT ID
         FROM PERSONAS
         WHERE UPPER(DNI) = '77777777A'),
         (SELECT ID 
          FROM EQUIPOS
          WHERE UPPER(NOMBRE)='ANIQUILADORES FC'), 10000000, SYSDATE, 15000000);

--------------------------------------------------------------------------------

INSERT INTO PERSONAS (DNI, NOMBRE, APELLIDO)
VALUES ('88888888A', 'XAVIER', 'GARCIA');

INSERT INTO JUGADORES (ID, POSICION, NUMDRAFT, TIPO)
VALUES ((SELECT ID
         FROM PERSONAS
         WHERE UPPER(DNI) = '88888888A')
         ,'DEFENSA', 003, 'draft');

INSERT INTO JUGADORESEQUIPOS(IDJUGADOR, IDEQUIPO, SUELDO, FECHAINICIO, CLAUSULA)
VALUES ((SELECT ID
         FROM PERSONAS
         WHERE UPPER(DNI) = '88888888A'),
         (SELECT ID 
          FROM EQUIPOS
          WHERE UPPER(NOMBRE)='ANIQUILADORES FC'), 10000000, SYSDATE, 15000000);

--------------------------------------------------------------------------------

INSERT INTO PERSONAS (DNI, NOMBRE, APELLIDO)
VALUES ('99999999A', 'BERNAT', 'ROVIRA');

INSERT INTO JUGADORES (ID, POSICION, NUMDRAFT, TIPO)
VALUES ((SELECT ID
         FROM PERSONAS
         WHERE UPPER(DNI) = '99999999A')
         ,'MEDIO', 198, 'draft');

INSERT INTO JUGADORESEQUIPOS(IDJUGADOR, IDEQUIPO, SUELDO, FECHAINICIO, CLAUSULA)
VALUES ((SELECT ID
         FROM PERSONAS
         WHERE UPPER(DNI) = '99999999A'),
         (SELECT ID 
          FROM EQUIPOS
          WHERE UPPER(NOMBRE)='ANIQUILADORES FC'), 10000000, SYSDATE, 15000000);

--------------------------------------------------------------------------------

INSERT INTO PERSONAS (DNI, NOMBRE, APELLIDO)
VALUES ('10101010A', 'JONATHAN', 'JIMÉNEZ');

INSERT INTO JUGADORES (ID, POSICION, NUMDRAFT, TIPO)
VALUES ((SELECT ID
         FROM PERSONAS
         WHERE UPPER(DNI) = '10101010A')
         ,'MEDIO', 141, 'draft');

INSERT INTO JUGADORESEQUIPOS(IDJUGADOR, IDEQUIPO, SUELDO, FECHAINICIO, CLAUSULA)
VALUES ((SELECT ID
         FROM PERSONAS
         WHERE UPPER(DNI) = '10101010A'),
         (SELECT ID 
          FROM EQUIPOS
          WHERE UPPER(NOMBRE)='ANIQUILADORES FC'), 10000000, SYSDATE, 15000000);

--------------------------------------------------------------------------------

INSERT INTO PERSONAS (DNI, NOMBRE, APELLIDO)
VALUES ('12121212A', 'JOEL', 'MACARULLA');

INSERT INTO JUGADORES (ID, POSICION, NUMDRAFT, TIPO)
VALUES ((SELECT ID
         FROM PERSONAS
         WHERE UPPER(DNI) = '12121212A')
         ,'MEDIO', 140, 'draft');

INSERT INTO JUGADORESEQUIPOS(IDJUGADOR, IDEQUIPO, SUELDO, FECHAINICIO, CLAUSULA)
VALUES ((SELECT ID
         FROM PERSONAS
         WHERE UPPER(DNI) = '12121212A'),
         (SELECT ID 
          FROM EQUIPOS
          WHERE UPPER(NOMBRE)='ANIQUILADORES FC'), 10000000, SYSDATE, 15000000);

--------------------------------------------------------------------------------

INSERT INTO PERSONAS (DNI, NOMBRE, APELLIDO)
VALUES ('13131313A', 'NADIR', 'LOUAH');

INSERT INTO JUGADORES (ID, POSICION, NUMDRAFT, TIPO)
VALUES ((SELECT ID
         FROM PERSONAS
         WHERE UPPER(DNI) = '13131313A')
         ,'MEDIO', NULL, 'wildcard');

INSERT INTO JUGADORESEQUIPOS(IDJUGADOR, IDEQUIPO, SUELDO, FECHAINICIO, CLAUSULA)
VALUES ((SELECT ID
         FROM PERSONAS
         WHERE UPPER(DNI) = '13131313A'),
         (SELECT ID 
          FROM EQUIPOS
          WHERE UPPER(NOMBRE)='ANIQUILADORES FC'), 10000000, SYSDATE, 15000000);

--------------------------------------------------------------------------------

INSERT INTO PERSONAS (DNI, NOMBRE, APELLIDO)
VALUES ('14141414A', 'DAVID', 'ALBA');

INSERT INTO JUGADORES (ID, POSICION, NUMDRAFT, TIPO)
VALUES ((SELECT ID
         FROM PERSONAS
         WHERE UPPER(DNI) = '14141414A')
         ,'DELANTERO', 171, 'draft');

INSERT INTO JUGADORESEQUIPOS(IDJUGADOR, IDEQUIPO, SUELDO, FECHAINICIO, CLAUSULA)
VALUES ((SELECT ID
         FROM PERSONAS
         WHERE UPPER(DNI) = '14141414A'),
         (SELECT ID 
          FROM EQUIPOS
          WHERE UPPER(NOMBRE)='ANIQUILADORES FC'), 10000000, SYSDATE, 15000000);

--------------------------------------------------------------------------------

INSERT INTO PERSONAS (DNI, NOMBRE, APELLIDO)
VALUES ('15151515A', 'GUILLEM', 'RUIZ');

INSERT INTO JUGADORES (ID, POSICION, NUMDRAFT, TIPO)
VALUES ((SELECT ID
         FROM PERSONAS
         WHERE UPPER(DNI) = '15151515A')
         ,'DELANTERO', 188, 'draft');

INSERT INTO JUGADORESEQUIPOS(IDJUGADOR, IDEQUIPO, SUELDO, FECHAINICIO, CLAUSULA)
VALUES ((SELECT ID
         FROM PERSONAS
         WHERE UPPER(DNI) = '15151515A'),
         (SELECT ID 
          FROM EQUIPOS
          WHERE UPPER(NOMBRE)='ANIQUILADORES FC'), 10000000, SYSDATE, 15000000);

--------------------------------------------------------------------------------

INSERT INTO PERSONAS (DNI, NOMBRE, APELLIDO)
VALUES ('16161616A', 'PAU', 'MAÑE');

INSERT INTO JUGADORES (ID, POSICION, NUMDRAFT, TIPO)
VALUES ((SELECT ID
         FROM PERSONAS
         WHERE UPPER(DNI) = '16161616A')
         ,'DELANTERO', 013, 'draft');

INSERT INTO JUGADORESEQUIPOS(IDJUGADOR, IDEQUIPO, SUELDO, FECHAINICIO, CLAUSULA)
VALUES ((SELECT ID
         FROM PERSONAS
         WHERE UPPER(DNI) = '16161616A'),
         (SELECT ID 
          FROM EQUIPOS
          WHERE UPPER(NOMBRE)='ANIQUILADORES FC'), 10000000, SYSDATE, 15000000);

--------------------------------------------------------------------------------

--------------------------------------------------------------------------------
/******************************************************************************/
--------------------------------------------------------------------------------

/* TRONCOS FC */

-- DUEÑO --

INSERT INTO PERSONAS (DNI, NOMBRE, APELLIDO) 
VALUES ('11111111T','JAUME','CREMADES');

INSERT INTO DUENYOS (ID)
VALUES ((SELECT ID 
         FROM PERSONAS 
         WHERE UPPER(DNI) = '11111111T'));

-- EQUIPO --
		  
INSERT INTO EQUIPOS (NOMBRE, PRESUPUESTO, SPONSOR, IDDUENYO ) 
VALUES ('TRONCOS FC', 200000000, 'GREENPEACE'
		,(SELECT ID 
          FROM PERSONAS 
          WHERE UPPER(DNI) = '11111111T'));
        
-- ENTRENADOR --

INSERT INTO PERSONAS (DNI, NOMBRE, APELLIDO)
VALUES ('22222222T','POL', 'FONT');

INSERT INTO ENTRENADORES (ID)
VALUES ((SELECT ID 
         FROM PERSONAS 
         WHERE UPPER(DNI) = '22222222T'));
                           
INSERT INTO ENTRENADOREQUIPOS (IDENTRENADOR, IDEQUIPO, SUELDO, FECHAINICIO)
VALUES((SELECT ID 
        FROM PERSONAS 
        WHERE UPPER(DNI) = '22222222T'),
        (SELECT ID 
         FROM EQUIPOS
         WHERE UPPER(NOMBRE)='TRONCOS FC'),
5000, SYSDATE);

-- ASISTENTE --

INSERT INTO PERSONAS (DNI, NOMBRE, APELLIDO)
VALUES ('33333333T', 'GUILLERMO', 'DÍAZ');

INSERT INTO ASISTENTES (ID)
VALUES ((SELECT ID 
         FROM PERSONAS 
         WHERE UPPER(DNI) = '33333333T'));

INSERT INTO ASISTENTEEQUIPOS (IDASISTENTE, IDEQUIPO, SUELDO, FECHAINICIO)
VALUES((SELECT ID 
        FROM PERSONAS 
        WHERE UPPER(DNI)='33333333T'),
        (SELECT ID 
         FROM EQUIPOS
         WHERE UPPER(NOMBRE)='TRONCOS FC'), 5000, SYSDATE);

-- JUGADORES --

INSERT INTO PERSONAS (DNI, NOMBRE, APELLIDO)
VALUES ('44444444T', 'JOSEP', 'CORDERAS');

INSERT INTO JUGADORES (ID, POSICION, NUMDRAFT, TIPO)
VALUES ((SELECT ID
         FROM PERSONAS
         WHERE UPPER(DNI) = '44444444T')
         ,'PORTERO', 045, 'draft');

INSERT INTO JUGADORESEQUIPOS(IDJUGADOR, IDEQUIPO, SUELDO, FECHAINICIO, CLAUSULA)
VALUES ((SELECT ID
         FROM PERSONAS
         WHERE UPPER(DNI) = '44444444T'),
         (SELECT ID 
          FROM EQUIPOS
          WHERE UPPER(NOMBRE) = 'TRONCOS FC'), 10000000, SYSDATE, 15000000);

--------------------------------------------------------------------------------

INSERT INTO PERSONAS (DNI, NOMBRE, APELLIDO)
VALUES ('55555555T', 'IU', 'MORRAL');

INSERT INTO JUGADORES (ID, POSICION, NUMDRAFT, TIPO)
VALUES ((SELECT ID
         FROM PERSONAS
         WHERE UPPER(DNI) = '55555555T')
         ,'PORTERO', 045, 'draft');

INSERT INTO JUGADORESEQUIPOS(IDJUGADOR, IDEQUIPO, SUELDO, FECHAINICIO, CLAUSULA)
VALUES ((SELECT ID
         FROM PERSONAS
         WHERE UPPER(DNI) = '55555555T'),
         (SELECT ID 
          FROM EQUIPOS
          WHERE UPPER(NOMBRE) = 'TRONCOS FC'), 10000000, SYSDATE, 15000000);

--------------------------------------------------------------------------------

INSERT INTO PERSONAS (DNI, NOMBRE, APELLIDO)
VALUES ('66666666T', 'IAN', 'GONZÁLEZ');

INSERT INTO JUGADORES (ID, POSICION, NUMDRAFT, TIPO)
VALUES ((SELECT ID
         FROM PERSONAS
         WHERE UPPER(DNI) = '66666666T')
         ,'DEFENSA', 031, 'draft');

INSERT INTO JUGADORESEQUIPOS(IDJUGADOR, IDEQUIPO, SUELDO, FECHAINICIO, CLAUSULA)
VALUES ((SELECT ID
         FROM PERSONAS
         WHERE UPPER(DNI) = '66666666T'),
         (SELECT ID 
          FROM EQUIPOS
          WHERE UPPER(NOMBRE) = 'TRONCOS FC'), 10000000, SYSDATE, 15000000);

--------------------------------------------------------------------------------

INSERT INTO PERSONAS (DNI, NOMBRE, APELLIDO)
VALUES ('77777777T', 'CARLES', 'PLANAS');

INSERT INTO JUGADORES (ID, POSICION, NUMDRAFT, TIPO)
VALUES ((SELECT ID
         FROM PERSONAS
         WHERE UPPER(DNI) = '77777777T')
         ,'DEFENSA', NULL, 'wildcard');

INSERT INTO JUGADORESEQUIPOS(IDJUGADOR, IDEQUIPO, SUELDO, FECHAINICIO, CLAUSULA)
VALUES ((SELECT ID
         FROM PERSONAS
         WHERE UPPER(DNI) = '77777777T'),
         (SELECT ID 
          FROM EQUIPOS
          WHERE UPPER(NOMBRE) = 'TRONCOS FC'), 10000000, SYSDATE, 15000000);

--------------------------------------------------------------------------------

INSERT INTO PERSONAS (DNI, NOMBRE, APELLIDO)
VALUES ('88888888T', 'MARK', 'SORROCHE');

INSERT INTO JUGADORES (ID, POSICION, NUMDRAFT, TIPO)
VALUES ((SELECT ID
         FROM PERSONAS
         WHERE UPPER(DNI) = '88888888T')
         ,'MEDIO', 039, 'draft');

INSERT INTO JUGADORESEQUIPOS(IDJUGADOR, IDEQUIPO, SUELDO, FECHAINICIO, CLAUSULA)
VALUES ((SELECT ID
         FROM PERSONAS
         WHERE UPPER(DNI) = '88888888T'),
         (SELECT ID 
          FROM EQUIPOS
          WHERE UPPER(NOMBRE) = 'TRONCOS FC'), 10000000, SYSDATE, 15000000);

--------------------------------------------------------------------------------

INSERT INTO PERSONAS (DNI, NOMBRE, APELLIDO)
VALUES ('99999999T', 'JOAN', 'VERDÚ');

INSERT INTO JUGADORES (ID, POSICION, NUMDRAFT, TIPO)
VALUES ((SELECT ID
         FROM PERSONAS
         WHERE UPPER(DNI) = '99999999T')
         ,'MEDIO', NULL, 'wildcard');

INSERT INTO JUGADORESEQUIPOS(IDJUGADOR, IDEQUIPO, SUELDO, FECHAINICIO, CLAUSULA)
VALUES ((SELECT ID
         FROM PERSONAS
         WHERE UPPER(DNI) = '99999999T'),
         (SELECT ID 
          FROM EQUIPOS
          WHERE UPPER(NOMBRE) = 'TRONCOS FC'), 10000000, SYSDATE, 15000000);

--------------------------------------------------------------------------------

INSERT INTO PERSONAS (DNI, NOMBRE, APELLIDO)
VALUES ('10101010T', 'RAÚL', 'LAO');

INSERT INTO JUGADORES (ID, POSICION, NUMDRAFT, TIPO)
VALUES ((SELECT ID
         FROM PERSONAS
         WHERE UPPER(DNI) = '10101010T')
         ,'MEDIO', 023, 'draft');

INSERT INTO JUGADORESEQUIPOS(IDJUGADOR, IDEQUIPO, SUELDO, FECHAINICIO, CLAUSULA)
VALUES ((SELECT ID
         FROM PERSONAS
         WHERE UPPER(DNI) = '10101010T'),
         (SELECT ID 
          FROM EQUIPOS
          WHERE UPPER(NOMBRE) = 'TRONCOS FC'), 10000000, SYSDATE, 15000000);

--------------------------------------------------------------------------------

INSERT INTO PERSONAS (DNI, NOMBRE, APELLIDO)
VALUES ('12121212T', 'MARC', 'PELAZ');

INSERT INTO JUGADORES (ID, POSICION, NUMDRAFT, TIPO)
VALUES ((SELECT ID
         FROM PERSONAS
         WHERE UPPER(DNI) = '12121212T')
         ,'MEDIO', 183, 'draft');

INSERT INTO JUGADORESEQUIPOS(IDJUGADOR, IDEQUIPO, SUELDO, FECHAINICIO, CLAUSULA)
VALUES ((SELECT ID
         FROM PERSONAS
         WHERE UPPER(DNI) = '12121212T'),
         (SELECT ID 
          FROM EQUIPOS
          WHERE UPPER(NOMBRE) = 'TRONCOS FC'), 10000000, SYSDATE, 15000000);

--------------------------------------------------------------------------------

INSERT INTO PERSONAS (DNI, NOMBRE, APELLIDO)
VALUES ('13131313T', 'TOTI', 'SALVIA');

INSERT INTO JUGADORES (ID, POSICION, NUMDRAFT, TIPO)
VALUES ((SELECT ID
         FROM PERSONAS
         WHERE UPPER(DNI) = '13131313T')
         ,'MEDIO', 009, 'draft');

INSERT INTO JUGADORESEQUIPOS(IDJUGADOR, IDEQUIPO, SUELDO, FECHAINICIO, CLAUSULA)
VALUES ((SELECT ID
         FROM PERSONAS
         WHERE UPPER(DNI) = '13131313T'),
         (SELECT ID 
          FROM EQUIPOS
          WHERE UPPER(NOMBRE) = 'TRONCOS FC'), 10000000, SYSDATE, 15000000);

--------------------------------------------------------------------------------

INSERT INTO PERSONAS (DNI, NOMBRE, APELLIDO)
VALUES ('14141414T', 'RUBEN', 'TREMIÑO');

INSERT INTO JUGADORES (ID, POSICION, NUMDRAFT, TIPO)
VALUES ((SELECT ID
         FROM PERSONAS
         WHERE UPPER(DNI) = '14141414T')
         ,'DELANTERO', 215, 'draft');

INSERT INTO JUGADORESEQUIPOS(IDJUGADOR, IDEQUIPO, SUELDO, FECHAINICIO, CLAUSULA)
VALUES ((SELECT ID
         FROM PERSONAS
         WHERE UPPER(DNI) = '14141414T'),
         (SELECT ID 
          FROM EQUIPOS
          WHERE UPPER(NOMBRE) = 'TRONCOS FC'), 10000000, SYSDATE, 15000000);

--------------------------------------------------------------------------------

INSERT INTO PERSONAS (DNI, NOMBRE, APELLIDO)
VALUES ('15151515T', 'ADRIAN', 'BIBOUM');

INSERT INTO JUGADORES (ID, POSICION, NUMDRAFT, TIPO)
VALUES ((SELECT ID
         FROM PERSONAS
         WHERE UPPER(DNI) = '15151515T')
         ,'DELANTERO', 099, 'draft');

INSERT INTO JUGADORESEQUIPOS(IDJUGADOR, IDEQUIPO, SUELDO, FECHAINICIO, CLAUSULA)
VALUES ((SELECT ID
         FROM PERSONAS
         WHERE UPPER(DNI) = '15151515T'),
         (SELECT ID 
          FROM EQUIPOS
          WHERE UPPER(NOMBRE) = 'TRONCOS FC'), 10000000, SYSDATE, 15000000);

--------------------------------------------------------------------------------

INSERT INTO PERSONAS (DNI, NOMBRE, APELLIDO)
VALUES ('16161616T', 'GORAN', 'EHSAN');

INSERT INTO JUGADORES (ID, POSICION, NUMDRAFT, TIPO)
VALUES ((SELECT ID
         FROM PERSONAS
         WHERE UPPER(DNI) = '16161616T')
         ,'DELANTERO', 177, 'draft');

INSERT INTO JUGADORESEQUIPOS(IDJUGADOR, IDEQUIPO, SUELDO, FECHAINICIO, CLAUSULA)
VALUES ((SELECT ID
         FROM PERSONAS
         WHERE UPPER(DNI) = '16161616T'),
         (SELECT ID 
          FROM EQUIPOS
          WHERE UPPER(NOMBRE) = 'TRONCOS FC'), 10000000, SYSDATE, 15000000);

--------------------------------------------------------------------------------
/******************************************************************************/
--------------------------------------------------------------------------------

/* XBUXER TEAM */

-- DUEÑO --

INSERT INTO PERSONAS (DNI, NOMBRE, APELLIDO) 
VALUES ('11111111X','JAVIER','RUIZ');

INSERT INTO DUENYOS (ID)
VALUES ((SELECT ID 
         FROM PERSONAS 
         WHERE UPPER(DNI) = '11111111X'));

-- EQUIPO --
		  
INSERT INTO EQUIPOS (NOMBRE, PRESUPUESTO, SPONSOR, IDDUENYO ) 
VALUES ('XBUXER TEAM', 200000000, 'YOUTUBE'
		,(SELECT ID 
          FROM PERSONAS 
          WHERE UPPER(DNI) = '11111111X'));
        
-- ENTRENADOR --

INSERT INTO PERSONAS (DNI, NOMBRE, APELLIDO)
VALUES ('22222222X','VICTOR', 'GONZÁLEZ');

INSERT INTO ENTRENADORES (ID)
VALUES ((SELECT ID 
         FROM PERSONAS 
         WHERE UPPER(DNI) = '22222222X'));
                           
INSERT INTO ENTRENADOREQUIPOS (IDENTRENADOR, IDEQUIPO, SUELDO, FECHAINICIO)
VALUES((SELECT ID 
        FROM PERSONAS 
        WHERE UPPER(DNI) = '22222222X'),
        (SELECT ID 
         FROM EQUIPOS
         WHERE UPPER(NOMBRE) = 'XBUXER TEAM'),
5000, SYSDATE);

-- ASISTENTE --

INSERT INTO PERSONAS (DNI, NOMBRE, APELLIDO)
VALUES ('33333333X', 'ERIC', 'RUIZ');

INSERT INTO ASISTENTES (ID)
VALUES ((SELECT ID 
         FROM PERSONAS 
         WHERE UPPER(DNI) = '33333333X'));

INSERT INTO ASISTENTEEQUIPOS (IDASISTENTE, IDEQUIPO, SUELDO, FECHAINICIO)
VALUES((SELECT ID 
        FROM PERSONAS 
        WHERE UPPER(DNI) = '33333333X'),
        (SELECT ID 
         FROM EQUIPOS
         WHERE UPPER(NOMBRE) = 'XBUXER TEAM'), 5000, SYSDATE);

-- JUGADORES --

INSERT INTO PERSONAS (DNI, NOMBRE, APELLIDO)
VALUES ('44444444X', 'JOSEP', 'CORDERAS');

INSERT INTO JUGADORES (ID, POSICION, NUMDRAFT, TIPO)
VALUES ((SELECT ID
         FROM PERSONAS
         WHERE UPPER(DNI) = '44444444T')
         ,'PORTERO', 045, 'draft');

INSERT INTO JUGADORESEQUIPOS(IDJUGADOR, IDEQUIPO, SUELDO, FECHAINICIO, CLAUSULA)
VALUES ((SELECT ID
         FROM PERSONAS
         WHERE UPPER(DNI) = '44444444T'),
         (SELECT ID 
          FROM EQUIPOS
          WHERE UPPER(NOMBRE) = 'XBUXER TEAM'), 10000000, SYSDATE, 15000000);

--------------------------------------------------------------------------------

INSERT INTO PERSONAS (DNI, NOMBRE, APELLIDO)
VALUES ('55555555X', 'MARC', 'ARUS');

INSERT INTO JUGADORES (ID, POSICION, NUMDRAFT, TIPO)
VALUES ((SELECT ID
         FROM PERSONAS
         WHERE UPPER(DNI) = '55555555X')
         ,'PORTERO', 001, 'draft');

INSERT INTO JUGADORESEQUIPOS(IDJUGADOR, IDEQUIPO, SUELDO, FECHAINICIO, CLAUSULA)
VALUES ((SELECT ID
         FROM PERSONAS
         WHERE UPPER(DNI) = '55555555X'),
         (SELECT ID 
          FROM EQUIPOS
          WHERE UPPER(NOMBRE) = 'XBUXER TEAM'), 10000000, SYSDATE, 15000000);

--------------------------------------------------------------------------------

INSERT INTO PERSONAS (DNI, NOMBRE, APELLIDO)
VALUES ('66666666X', 'MIQUEL', 'FERNANDEZ');

INSERT INTO JUGADORES (ID, POSICION, NUMDRAFT, TIPO)
VALUES ((SELECT ID
         FROM PERSONAS
         WHERE UPPER(DNI) = '66666666X')
         ,'DEFENSA', 049, 'draft');

INSERT INTO JUGADORESEQUIPOS(IDJUGADOR, IDEQUIPO, SUELDO, FECHAINICIO, CLAUSULA)
VALUES ((SELECT ID
         FROM PERSONAS
         WHERE UPPER(DNI) = '66666666X'),
         (SELECT ID 
          FROM EQUIPOS
          WHERE UPPER(NOMBRE) = 'XBUXER TEAM'), 10000000, SYSDATE, 15000000);

--------------------------------------------------------------------------------

INSERT INTO PERSONAS (DNI, NOMBRE, APELLIDO)
VALUES ('77777777X', 'ROGER', 'CARBÓ');

INSERT INTO JUGADORES (ID, POSICION, NUMDRAFT, TIPO)
VALUES ((SELECT ID
         FROM PERSONAS
         WHERE UPPER(DNI) = '77777777X')
         ,'MEDIO', 124, 'draft');

INSERT INTO JUGADORESEQUIPOS(IDJUGADOR, IDEQUIPO, SUELDO, FECHAINICIO, CLAUSULA)
VALUES ((SELECT ID
         FROM PERSONAS
         WHERE UPPER(DNI) = '77777777X'),
         (SELECT ID 
          FROM EQUIPOS
          WHERE UPPER(NOMBRE) = 'XBUXER TEAM'), 10000000, SYSDATE, 15000000);

--------------------------------------------------------------------------------

INSERT INTO PERSONAS (DNI, NOMBRE, APELLIDO)
VALUES ('88888888X', 'IVÁN', 'NUEVO');

INSERT INTO JUGADORES (ID, POSICION, NUMDRAFT, TIPO)
VALUES ((SELECT ID
         FROM PERSONAS
         WHERE UPPER(DNI) = '88888888X')
         ,'MEDIO', 111, 'draft');

INSERT INTO JUGADORESEQUIPOS(IDJUGADOR, IDEQUIPO, SUELDO, FECHAINICIO, CLAUSULA)
VALUES ((SELECT ID
         FROM PERSONAS
         WHERE UPPER(DNI) = '88888888X'),
         (SELECT ID 
          FROM EQUIPOS
          WHERE UPPER(NOMBRE) = 'XBUXER TEAM'), 10000000, SYSDATE, 15000000);

--------------------------------------------------------------------------------

INSERT INTO PERSONAS (DNI, NOMBRE, APELLIDO)
VALUES ('99999999X', 'DANIEL', 'PÉREZ');

INSERT INTO JUGADORES (ID, POSICION, NUMDRAFT, TIPO)
VALUES ((SELECT ID
         FROM PERSONAS
         WHERE UPPER(DNI) = '99999999X')
         ,'MEDIO', 044, 'draft');

INSERT INTO JUGADORESEQUIPOS(IDJUGADOR, IDEQUIPO, SUELDO, FECHAINICIO, CLAUSULA)
VALUES ((SELECT ID
         FROM PERSONAS
         WHERE UPPER(DNI) = '99999999X'),
         (SELECT ID 
          FROM EQUIPOS
          WHERE UPPER(NOMBRE) = 'XBUXER TEAM'), 10000000, SYSDATE, 15000000);

--------------------------------------------------------------------------------

INSERT INTO PERSONAS (DNI, NOMBRE, APELLIDO)
VALUES ('10101010X', 'FERNANDO', 'VELILLA');

INSERT INTO JUGADORES (ID, POSICION, NUMDRAFT, TIPO)
VALUES ((SELECT ID
         FROM PERSONAS
         WHERE UPPER(DNI) = '10101010X')
         ,'DELANTERO', NULL, 'wildcard');

INSERT INTO JUGADORESEQUIPOS(IDJUGADOR, IDEQUIPO, SUELDO, FECHAINICIO, CLAUSULA)
VALUES ((SELECT ID
         FROM PERSONAS
         WHERE UPPER(DNI) = '10101010X'),
         (SELECT ID 
          FROM EQUIPOS
          WHERE UPPER(NOMBRE) = 'XBUXER TEAM'), 10000000, SYSDATE, 15000000);

--------------------------------------------------------------------------------

INSERT INTO PERSONAS (DNI, NOMBRE, APELLIDO)
VALUES ('12121212X', 'RAUL', 'DORADO');

INSERT INTO JUGADORES (ID, POSICION, NUMDRAFT, TIPO)
VALUES ((SELECT ID
         FROM PERSONAS
         WHERE UPPER(DNI) = '12121212X')
         ,'DELANTERO', 127, 'draft');

INSERT INTO JUGADORESEQUIPOS(IDJUGADOR, IDEQUIPO, SUELDO, FECHAINICIO, CLAUSULA)
VALUES ((SELECT ID
         FROM PERSONAS
         WHERE UPPER(DNI) = '12121212X'),
         (SELECT ID 
          FROM EQUIPOS
          WHERE UPPER(NOMBRE) = 'XBUXER TEAM'), 10000000, SYSDATE, 15000000);

--------------------------------------------------------------------------------

INSERT INTO PERSONAS (DNI, NOMBRE, APELLIDO)
VALUES ('13131313X', 'VICTOR', 'HIDALGO');

INSERT INTO JUGADORES (ID, POSICION, NUMDRAFT, TIPO)
VALUES ((SELECT ID
         FROM PERSONAS
         WHERE UPPER(DNI) = '13131313X')
         ,'DELANTERO', 056, 'draft');

INSERT INTO JUGADORESEQUIPOS(IDJUGADOR, IDEQUIPO, SUELDO, FECHAINICIO, CLAUSULA)
VALUES ((SELECT ID
         FROM PERSONAS
         WHERE UPPER(DNI) = '13131313X'),
         (SELECT ID 
          FROM EQUIPOS
          WHERE UPPER(NOMBRE) = 'XBUXER TEAM'), 10000000, SYSDATE, 15000000);

--------------------------------------------------------------------------------

INSERT INTO PERSONAS (DNI, NOMBRE, APELLIDO)
VALUES ('14141414X', 'PABLO', 'BEGUER');

INSERT INTO JUGADORES (ID, POSICION, NUMDRAFT, TIPO)
VALUES ((SELECT ID
         FROM PERSONAS
         WHERE UPPER(DNI) = '14141414X')
         ,'DELANTERO', 114, 'draft');

INSERT INTO JUGADORESEQUIPOS(IDJUGADOR, IDEQUIPO, SUELDO, FECHAINICIO, CLAUSULA)
VALUES ((SELECT ID
         FROM PERSONAS
         WHERE UPPER(DNI) = '1414141414X'),
         (SELECT ID 
          FROM EQUIPOS
          WHERE UPPER(NOMBRE) = 'XBUXER TEAM'), 10000000, SYSDATE, 15000000);

--------------------------------------------------------------------------------
/******************************************************************************/
--------------------------------------------------------------------------------

/* 1K FC */

-- DUEÑO --

INSERT INTO PERSONAS (DNI, NOMBRE, APELLIDO) 
VALUES ('11111111C','IKER','CASILLAS');

INSERT INTO DUENYOS (ID)
VALUES ((SELECT ID 
         FROM PERSONAS 
         WHERE UPPER(DNI) = '11111111C'));

-- EQUIPO --
		  
INSERT INTO EQUIPOS (NOMBRE, PRESUPUESTO, SPONSOR, IDDUENYO ) 
VALUES ('1K FC', 200000000, 'REAL MADRID'
		,(SELECT ID 
          FROM PERSONAS 
          WHERE UPPER(DNI) = '11111111C'));
        
-- ENTRENADOR --

INSERT INTO PERSONAS (DNI, NOMBRE, APELLIDO)
VALUES ('22222222C','JULIO', 'GARCIA');

INSERT INTO ENTRENADORES (ID)
VALUES ((SELECT ID 
         FROM PERSONAS 
         WHERE UPPER(DNI) = '22222222C'));
                           
INSERT INTO ENTRENADOREQUIPOS (IDENTRENADOR, IDEQUIPO, SUELDO, FECHAINICIO)
VALUES((SELECT ID 
        FROM PERSONAS 
        WHERE UPPER(DNI) = '22222222C'),
        (SELECT ID 
         FROM EQUIPOS
         WHERE UPPER(NOMBRE) = '1K FC'),
5000, SYSDATE);

-- ASISTENTE --

INSERT INTO PERSONAS (DNI, NOMBRE, APELLIDO)
VALUES ('33333333C', 'JOSE', 'PEDRO');

INSERT INTO ASISTENTES (ID)
VALUES ((SELECT ID 
         FROM PERSONAS 
         WHERE UPPER(DNI) = '33333333C'));

INSERT INTO ASISTENTEEQUIPOS (IDASISTENTE, IDEQUIPO, SUELDO, FECHAINICIO)
VALUES((SELECT ID 
        FROM PERSONAS 
        WHERE UPPER(DNI) = '33333333C'),
        (SELECT ID 
         FROM EQUIPOS
         WHERE UPPER(NOMBRE) = '1K FC'), 5000, SYSDATE);

-- JUGADORES --

INSERT INTO PERSONAS (DNI, NOMBRE, APELLIDO)
VALUES ('44444444C', 'RICARDO', 'LOPEZ');

INSERT INTO JUGADORES (ID, POSICION, NUMDRAFT, TIPO)
VALUES ((SELECT ID
         FROM PERSONAS
         WHERE UPPER(DNI) = '44444444C')
         ,'PORTERO', 161, 'draft');

INSERT INTO JUGADORESEQUIPOS(IDJUGADOR, IDEQUIPO, SUELDO, FECHAINICIO, CLAUSULA)
VALUES ((SELECT ID
         FROM PERSONAS
         WHERE UPPER(DNI) = '44444444C'),
         (SELECT ID 
          FROM EQUIPOS
          WHERE UPPER(NOMBRE) = '1K FC'), 10000000, SYSDATE, 15000000);

--------------------------------------------------------------------------------

INSERT INTO PERSONAS (DNI, NOMBRE, APELLIDO)
VALUES ('55555555C', 'JOAN', 'CANET');

INSERT INTO JUGADORES (ID, POSICION, NUMDRAFT, TIPO)
VALUES ((SELECT ID
         FROM PERSONAS
         WHERE UPPER(DNI) = '55555555C')
         ,'PORTERO', 209, 'draft');

INSERT INTO JUGADORESEQUIPOS(IDJUGADOR, IDEQUIPO, SUELDO, FECHAINICIO, CLAUSULA)
VALUES ((SELECT ID
         FROM PERSONAS
         WHERE UPPER(DNI) = '55555555C'),
         (SELECT ID 
          FROM EQUIPOS
          WHERE UPPER(NOMBRE) = '1K FC'), 10000000, SYSDATE, 15000000);

--------------------------------------------------------------------------------

INSERT INTO PERSONAS (DNI, NOMBRE, APELLIDO)
VALUES ('66666666C', 'MARC', 'GRANERO');

INSERT INTO JUGADORES (ID, POSICION, NUMDRAFT, TIPO)
VALUES ((SELECT ID
         FROM PERSONAS
         WHERE UPPER(DNI) = '66666666C')
         ,'DEFENSA', 026, 'draft');

INSERT INTO JUGADORESEQUIPOS(IDJUGADOR, IDEQUIPO, SUELDO, FECHAINICIO, CLAUSULA)
VALUES ((SELECT ID
         FROM PERSONAS
         WHERE UPPER(DNI) = '66666666C'),
         (SELECT ID 
          FROM EQUIPOS
          WHERE UPPER(NOMBRE) = '1K FC'), 10000000, SYSDATE, 15000000);

--------------------------------------------------------------------------------

INSERT INTO PERSONAS (DNI, NOMBRE, APELLIDO)
VALUES ('77777777C', 'RAÚL', 'LEDO');

INSERT INTO JUGADORES (ID, POSICION, NUMDRAFT, TIPO)
VALUES ((SELECT ID
         FROM PERSONAS
         WHERE UPPER(DNI) = '77777777C')
         ,'DEFENSA', 093, 'draft');

INSERT INTO JUGADORESEQUIPOS(IDJUGADOR, IDEQUIPO, SUELDO, FECHAINICIO, CLAUSULA)
VALUES ((SELECT ID
         FROM PERSONAS
         WHERE UPPER(DNI) = '77777777C'),
         (SELECT ID 
          FROM EQUIPOS
          WHERE UPPER(NOMBRE) = '1K FC'), 10000000, SYSDATE, 15000000);

--------------------------------------------------------------------------------

INSERT INTO PERSONAS (DNI, NOMBRE, APELLIDO)
VALUES ('88888888C', 'MARCOS', 'GUERRERO');

INSERT INTO JUGADORES (ID, POSICION, NUMDRAFT, TIPO)
VALUES ((SELECT ID
         FROM PERSONAS
         WHERE UPPER(DNI) = '88888888C')
         ,'DEFENSA', 061, 'draft');

INSERT INTO JUGADORESEQUIPOS(IDJUGADOR, IDEQUIPO, SUELDO, FECHAINICIO, CLAUSULA)
VALUES ((SELECT ID
         FROM PERSONAS
         WHERE UPPER(DNI) = '88888888C'),
         (SELECT ID 
          FROM EQUIPOS
          WHERE UPPER(NOMBRE) = '1K FC'), 10000000, SYSDATE, 15000000);

--------------------------------------------------------------------------------

INSERT INTO PERSONAS (DNI, NOMBRE, APELLIDO)
VALUES ('99999999C', 'BORJA', 'FERNÁNDEZ');

INSERT INTO JUGADORES (ID, POSICION, NUMDRAFT, TIPO)
VALUES ((SELECT ID
         FROM PERSONAS
         WHERE UPPER(DNI) = '99999999C')
         ,'MEDIO', NULL, 'wildcard');

INSERT INTO JUGADORESEQUIPOS(IDJUGADOR, IDEQUIPO, SUELDO, FECHAINICIO, CLAUSULA)
VALUES ((SELECT ID
         FROM PERSONAS
         WHERE UPPER(DNI) = '99999999C'),
         (SELECT ID 
          FROM EQUIPOS
          WHERE UPPER(NOMBRE) = '1K FC'), 10000000, SYSDATE, 15000000);

--------------------------------------------------------------------------------

INSERT INTO PERSONAS (DNI, NOMBRE, APELLIDO)
VALUES ('10101010C', 'IVÁN', 'LÓPEZ');

INSERT INTO JUGADORES (ID, POSICION, NUMDRAFT, TIPO)
VALUES ((SELECT ID
         FROM PERSONAS
         WHERE UPPER(DNI) = '10101010C')
         ,'MEDIO', 087, 'draft');

INSERT INTO JUGADORESEQUIPOS(IDJUGADOR, IDEQUIPO, SUELDO, FECHAINICIO, CLAUSULA)
VALUES ((SELECT ID
         FROM PERSONAS
         WHERE UPPER(DNI) = '10101010C'),
         (SELECT ID 
          FROM EQUIPOS
          WHERE UPPER(NOMBRE) = '1K FC'), 10000000, SYSDATE, 15000000);

--------------------------------------------------------------------------------

INSERT INTO PERSONAS (DNI, NOMBRE, APELLIDO)
VALUES ('12121212C', 'XAVIER', 'MOLAS');

INSERT INTO JUGADORES (ID, POSICION, NUMDRAFT, TIPO)
VALUES ((SELECT ID
         FROM PERSONAS
         WHERE UPPER(DNI) = '12121212C')
         ,'MEDIO', 197, 'draft');

INSERT INTO JUGADORESEQUIPOS(IDJUGADOR, IDEQUIPO, SUELDO, FECHAINICIO, CLAUSULA)
VALUES ((SELECT ID
         FROM PERSONAS
         WHERE UPPER(DNI) = '12121212C'),
         (SELECT ID 
          FROM EQUIPOS
          WHERE UPPER(NOMBRE) = '1K FC'), 10000000, SYSDATE, 15000000);

--------------------------------------------------------------------------------

INSERT INTO PERSONAS (DNI, NOMBRE, APELLIDO)
VALUES ('13131313C', 'LLUIS', 'ALSINA');

INSERT INTO JUGADORES (ID, POSICION, NUMDRAFT, TIPO)
VALUES ((SELECT ID
         FROM PERSONAS
         WHERE UPPER(DNI) = '13131313C')
         ,'MEDIO', 151, 'draft');

INSERT INTO JUGADORESEQUIPOS(IDJUGADOR, IDEQUIPO, SUELDO, FECHAINICIO, CLAUSULA)
VALUES ((SELECT ID
         FROM PERSONAS
         WHERE UPPER(DNI) = '13131313C'),
         (SELECT ID 
          FROM EQUIPOS
          WHERE UPPER(NOMBRE) = '1K FC'), 10000000, SYSDATE, 15000000);

--------------------------------------------------------------------------------

INSERT INTO PERSONAS (DNI, NOMBRE, APELLIDO)
VALUES ('14141414C', 'GERARDO', 'BARRAL');

INSERT INTO JUGADORES (ID, POSICION, NUMDRAFT, TIPO)
VALUES ((SELECT ID
         FROM PERSONAS
         WHERE UPPER(DNI) = '14141414C')
         ,'MEDIO', 166, 'draft');

INSERT INTO JUGADORESEQUIPOS(IDJUGADOR, IDEQUIPO, SUELDO, FECHAINICIO, CLAUSULA)
VALUES ((SELECT ID
         FROM PERSONAS
         WHERE UPPER(DNI) = '14141414C'),
         (SELECT ID 
          FROM EQUIPOS
          WHERE UPPER(NOMBRE) = '1K FC'), 10000000, SYSDATE, 15000000);

--------------------------------------------------------------------------------


--------------------------------------------------------------------------------
/******************************************************************************/
--------------------------------------------------------------------------------

/* KUNISPORTS */

-- DUEÑO --

INSERT INTO PERSONAS (DNI, NOMBRE, APELLIDO) 
VALUES ('11111111K','SERGIO','AGÜERO');

INSERT INTO DUENYOS (ID)
VALUES ((SELECT ID 
         FROM PERSONAS 
         WHERE UPPER(DNI) = '11111111K'));

-- EQUIPO --
		  
		  
INSERT INTO EQUIPOS (NOMBRE, PRESUPUESTO, SPONSOR,IDDUENYO ) 
VALUES ('KUNISPORTS', 200000000, 'TWITCH'
		,(SELECT ID 
          FROM PERSONAS 
          WHERE UPPER(DNI) = '11111111K')););
        
-- ENTRENADOR --

INSERT INTO PERSONAS (DNI, NOMBRE, APELLIDO)
VALUES ('22222222K','MARTIN', 'POSSE');

INSERT INTO ENTRENADORES (ID)
VALUES ((SELECT ID 
         FROM PERSONAS 
         WHERE UPPER(DNI) = '22222222K'));
                           
INSERT INTO ENTRENADOREQUIPOS (IDENTRENADOR, IDEQUIPO, SUELDO, FECHAINICIO)
VALUES((SELECT ID 
        FROM PERSONAS 
        WHERE UPPER(DNI) = '22222222K'),
        (SELECT ID 
         FROM EQUIPOS
         WHERE UPPER(NOMBRE) = 'KUNISPORTS'),
5000, SYSDATE);

-- ASISTENTE --

INSERT INTO PERSONAS (DNI, NOMBRE, APELLIDO)
VALUES ('33333333K', 'ALEX', 'RODRIGUEZ');

INSERT INTO ASISTENTES (ID)
VALUES ((SELECT ID 
         FROM PERSONAS 
         WHERE UPPER(DNI) = '33333333K'));

INSERT INTO ASISTENTEEQUIPOS (IDASISTENTE, IDEQUIPO, SUELDO, FECHAINICIO)
VALUES((SELECT ID 
        FROM PERSONAS 
        WHERE UPPER(DNI) = '33333333K'),
        (SELECT ID 
         FROM EQUIPOS
         WHERE UPPER(NOMBRE) = 'KUNISPORTS'), 5000, SYSDATE);

-- JUGADORES --

INSERT INTO PERSONAS (DNI, NOMBRE, APELLIDO)
VALUES ('44444444K', 'VICTOR', 'CÓCERA');

INSERT INTO JUGADORES (ID, POSICION, NUMDRAFT, TIPO)
VALUES ((SELECT ID
         FROM PERSONAS
         WHERE UPPER(DNI) = '44444444K')
         ,'PORTERO', 134, 'draft');

INSERT INTO JUGADORESEQUIPOS(IDJUGADOR, IDEQUIPO, SUELDO, FECHAINICIO, CLAUSULA)
VALUES ((SELECT ID
         FROM PERSONAS
         WHERE UPPER(DNI) = '44444444K'),
         (SELECT ID 
          FROM EQUIPOS
          WHERE UPPER(NOMBRE) = 'KUNISPORTS'), 10000000, SYSDATE, 15000000);

---------------------------------------------------------------------------------------------

INSERT INTO PERSONAS (DNI, NOMBRE, APELLIDO)
VALUES ('55555555K', 'CARLOS', 'VAL');

INSERT INTO JUGADORES (ID, POSICION, NUMDRAFT, TIPO)
VALUES ((SELECT ID
         FROM PERSONAS
         WHERE UPPER(DNI) = '55555555K')
         ,'DEFENSA', 121, 'draft');

INSERT INTO JUGADORESEQUIPOS(IDJUGADOR, IDEQUIPO, SUELDO, FECHAINICIO, CLAUSULA)
VALUES ((SELECT ID
         FROM PERSONAS
         WHERE UPPER(DNI) = '55555555K'),
         (SELECT ID 
          FROM EQUIPOS
          WHERE UPPER(NOMBRE) = 'KUNISPORTS'), 10000000, SYSDATE, 15000000);

---------------------------------------------------------------------------------------------

INSERT INTO PERSONAS (DNI, NOMBRE, APELLIDO)
VALUES ('66666666K', 'ALEX', 'CAMPUZANO');

INSERT INTO JUGADORES (ID, POSICION, NUMDRAFT, TIPO)
VALUES ((SELECT ID
         FROM PERSONAS
         WHERE UPPER(DNI) = '66666666K')
         ,'DEFENSA', 048, 'draft');

INSERT INTO JUGADORESEQUIPOS(IDJUGADOR, IDEQUIPO, SUELDO, FECHAINICIO, CLAUSULA)
VALUES ((SELECT ID
         FROM PERSONAS
         WHERE UPPER(DNI) = '66666666K'),
         (SELECT ID 
          FROM EQUIPOS
          WHERE UPPER(NOMBRE) = 'KUNISPORTS'), 10000000, SYSDATE, 15000000);

---------------------------------------------------------------------------------------------

INSERT INTO PERSONAS (DNI, NOMBRE, APELLIDO)
VALUES ('77777777K', 'JOAN', 'INÉS');

INSERT INTO JUGADORES (ID, POSICION, NUMDRAFT, TIPO)
VALUES ((SELECT ID
         FROM PERSONAS
         WHERE UPPER(DNI) = '77777777K')
         ,'MEDIO', 024, 'draft');

INSERT INTO JUGADORESEQUIPOS(IDJUGADOR, IDEQUIPO, SUELDO, FECHAINICIO, CLAUSULA)
VALUES ((SELECT ID
         FROM PERSONAS
         WHERE UPPER(DNI) = '77777777K'),
         (SELECT ID 
          FROM EQUIPOS
          WHERE UPPER(NOMBRE) = 'KUNISPORTS'), 10000000, SYSDATE, 15000000);

---------------------------------------------------------------------------------------------

INSERT INTO PERSONAS (DNI, NOMBRE, APELLIDO)
VALUES ('88888888K', 'NOEL', 'LÓPEZ');

INSERT INTO JUGADORES (ID, POSICION, NUMDRAFT, TIPO)
VALUES ((SELECT ID
         FROM PERSONAS
         WHERE UPPER(DNI) = '88888888K')
         ,'MEDIO', 098, 'draft');

INSERT INTO JUGADORESEQUIPOS(IDJUGADOR, IDEQUIPO, SUELDO, FECHAINICIO, CLAUSULA)
VALUES ((SELECT ID
         FROM PERSONAS
         WHERE UPPER(DNI) = '88888888K'),
         (SELECT ID 
          FROM EQUIPOS
          WHERE UPPER(NOMBRE) = 'KUNISPORTS'), 10000000, SYSDATE, 15000000);

---------------------------------------------------------------------------------------------

INSERT INTO PERSONAS (DNI, NOMBRE, APELLIDO)
VALUES ('99999999K', 'AUGUSTO', 'FERNANDEZ');

INSERT INTO JUGADORES (ID, POSICION, NUMDRAFT, TIPO)
VALUES ((SELECT ID
         FROM PERSONAS
         WHERE UPPER(DNI) = '99999999K')
         ,'MEDIO', NULL, 'wildcard');

INSERT INTO JUGADORESEQUIPOS(IDJUGADOR, IDEQUIPO, SUELDO, FECHAINICIO, CLAUSULA)
VALUES ((SELECT ID
         FROM PERSONAS
         WHERE UPPER(DNI) = '99999999K'),
         (SELECT ID 
          FROM EQUIPOS
          WHERE UPPER(NOMBRE) = 'KUNISPORTS'), 10000000, SYSDATE, 15000000);

---------------------------------------------------------------------------------------------

INSERT INTO PERSONAS (DNI, NOMBRE, APELLIDO)
VALUES ('10101010K', 'IÑAKI', 'VILLALBA');

INSERT INTO JUGADORES (ID, POSICION, NUMDRAFT, TIPO)
VALUES ((SELECT ID
         FROM PERSONAS
         WHERE UPPER(DNI) = '10101010K')
         ,'MEDIO', 007, 'draft');

INSERT INTO JUGADORESEQUIPOS(IDJUGADOR, IDEQUIPO, SUELDO, FECHAINICIO, CLAUSULA)
VALUES ((SELECT ID
         FROM PERSONAS
         WHERE UPPER(DNI) = '10101010K'),
         (SELECT ID 
          FROM EQUIPOS
          WHERE UPPER(NOMBRE) = 'KUNISPORTS'), 10000000, SYSDATE, 15000000);

---------------------------------------------------------------------------------------------

INSERT INTO PERSONAS (DNI, NOMBRE, APELLIDO)
VALUES ('12121212K', 'VICTOR', 'BARANERA');

INSERT INTO JUGADORES (ID, POSICION, NUMDRAFT, TIPO)
VALUES ((SELECT ID
         FROM PERSONAS
         WHERE UPPER(DNI) = '12121212K')
         ,'MEDIO', 181, 'draft');

INSERT INTO JUGADORESEQUIPOS(IDJUGADOR, IDEQUIPO, SUELDO, FECHAINICIO, CLAUSULA)
VALUES ((SELECT ID
         FROM PERSONAS
         WHERE UPPER(DNI) = '12121212K'),
         (SELECT ID 
          FROM EQUIPOS
          WHERE UPPER(NOMBRE) = 'KUNISPORTS'), 10000000, SYSDATE, 15000000);

---------------------------------------------------------------------------------------------

INSERT INTO PERSONAS (DNI, NOMBRE, APELLIDO)
VALUES ('13131313K', 'BENJAMÍN', 'SIERRA');

INSERT INTO JUGADORES (ID, POSICION, NUMDRAFT, TIPO)
VALUES ((SELECT ID
         FROM PERSONAS
         WHERE UPPER(DNI) = '13131313K')
         ,'DELANTERO', 069, 'draft');

INSERT INTO JUGADORESEQUIPOS(IDJUGADOR, IDEQUIPO, SUELDO, FECHAINICIO, CLAUSULA)
VALUES ((SELECT ID
         FROM PERSONAS
         WHERE UPPER(DNI) = '13131313K'),
         (SELECT ID 
          FROM EQUIPOS
          WHERE UPPER(NOMBRE) = 'KUNISPORTS'), 10000000, SYSDATE, 15000000);

---------------------------------------------------------------------------------------------

INSERT INTO PERSONAS (DNI, NOMBRE, APELLIDO)
VALUES ('14141414K', 'CARLOS', 'GARCÍA');

INSERT INTO JUGADORES (ID, POSICION, NUMDRAFT, TIPO)
VALUES ((SELECT ID
         FROM PERSONAS
         WHERE UPPER(DNI) = '14141414K')
         ,'DELANTERO', 153, 'draft');

INSERT INTO JUGADORESEQUIPOS(IDJUGADOR, IDEQUIPO, SUELDO, FECHAINICIO, CLAUSULA)
VALUES ((SELECT ID
         FROM PERSONAS
         WHERE UPPER(DNI) = '14141414K'),
         (SELECT ID 
          FROM EQUIPOS
          WHERE UPPER(NOMBRE) = 'KUNISPORTS'), 10000000, SYSDATE, 15000000);

---------------------------------------------------------------------------------------------